"femaDeclarationString","disasterNumber","state","declarationType","declarationDate","fyDeclared","incidentType","declarationTitle","ihProgramDeclared","iaProgramDeclared","paProgramDeclared","hmProgramDeclared","incidentBeginDate","incidentEndDate","disasterCloseoutDate","tribalRequest","fipsStateCode","fipsCountyCode","placeCode","designatedArea","declarationRequestNumber","lastIAFilingDate","lastRefresh.x","hash.x","id.x","totalNumberIaApproved","totalAmountIhpApproved","totalAmountHaApproved","totalAmountOnaApproved","totalObligatedAmountPa","totalObligatedAmountCatAb","totalObligatedAmountCatC2g","paLoadDate","iaLoadDate","totalObligatedAmountHmgp","hash.y","lastRefresh.y","id.y"
"DR-4621-VT",4621,"VT","DR","2021-09-29T00:00:00.000Z",2021,"Flood","SEVERE STORM AND FLOODING",0,0,1,1,"2021-07-29T00:00:00.000Z","2021-07-30T00:00:00.000Z","",0,50,3,99003,"Bennington (County)",21103,"","2023-05-22T03:41:22.800Z","0fa835432c30b0e1f72f73fd5e49d97980681a79","4a2dde3b-9597-4773-b92f-b08b0f015c5e",NA,NA,NA,NA,7017656.86,219635.84,6250265.78,"2023-10-30T00:00:00.000Z","",276210,"66f3d58cf4846dc2bc082fb9ca3a1db9a0dbc9b2","2023-10-30T04:22:46.792Z","b5b04ccf-5a3a-4f87-9151-5c21560cf210"
"DR-4621-VT",4621,"VT","DR","2021-09-29T00:00:00.000Z",2021,"Flood","SEVERE STORM AND FLOODING",0,0,1,1,"2021-07-29T00:00:00.000Z","2021-07-30T00:00:00.000Z","",0,50,25,99025,"Windham (County)",21103,"","2023-05-22T03:41:22.800Z","f78137fd8d121b0b04cc31bc6f3ddadaf85d4dba","0d08b9a0-1c07-4e83-b99b-820e5734667f",NA,NA,NA,NA,7017656.86,219635.84,6250265.78,"2023-10-30T00:00:00.000Z","",276210,"66f3d58cf4846dc2bc082fb9ca3a1db9a0dbc9b2","2023-10-30T04:22:46.792Z","b5b04ccf-5a3a-4f87-9151-5c21560cf210"
"DR-4620-AZ",4620,"AZ","DR","2021-09-13T00:00:00.000Z",2021,"Flood","SEVERE STORMS AND FLOODING",0,0,1,1,"2021-07-22T00:00:00.000Z","2021-07-24T00:00:00.000Z","",0,4,1,99001,"Apache (County)",21096,"","2023-05-22T03:41:22.800Z","109df24ed94bdba751a33cae7be7983383aa0f90","9bba7933-d307-4593-9aef-40e40ef02bb6",NA,NA,NA,NA,5330186.14,117036.4,5021940.71,"2023-10-30T00:00:00.000Z","",0,"96b1895ed35a8a7bcff7d3f35dbfdf3016c760fc","2023-10-30T04:22:46.792Z","154a434d-0c8c-4203-a835-91a96872e642"
"DR-4620-AZ",4620,"AZ","DR","2021-09-13T00:00:00.000Z",2021,"Flood","SEVERE STORMS AND FLOODING",0,0,1,1,"2021-07-22T00:00:00.000Z","2021-07-24T00:00:00.000Z","",0,4,5,99005,"Coconino (County)",21096,"","2023-05-22T03:41:22.800Z","523fa4802eed2db1791871b9cc88bcb3830a179e","a38cfa29-fd47-4341-932c-09b85a2d9b3c",NA,NA,NA,NA,5330186.14,117036.4,5021940.71,"2023-10-30T00:00:00.000Z","",0,"96b1895ed35a8a7bcff7d3f35dbfdf3016c760fc","2023-10-30T04:22:46.792Z","154a434d-0c8c-4203-a835-91a96872e642"
"DR-4620-AZ",4620,"AZ","DR","2021-09-13T00:00:00.000Z",2021,"Flood","SEVERE STORMS AND FLOODING",0,0,1,1,"2021-07-22T00:00:00.000Z","2021-07-24T00:00:00.000Z","",0,4,17,99017,"Navajo (County)",21096,"","2023-05-22T03:41:22.800Z","ba2cc53a831a2889a5cc1a6ec4b98c73e75c6dbd","530e9296-758d-4655-a194-3ff302b53697",NA,NA,NA,NA,5330186.14,117036.4,5021940.71,"2023-10-30T00:00:00.000Z","",0,"96b1895ed35a8a7bcff7d3f35dbfdf3016c760fc","2023-10-30T04:22:46.792Z","154a434d-0c8c-4203-a835-91a96872e642"
"DR-4609-TN",4609,"TN","DR","2021-08-23T00:00:00.000Z",2021,"Flood","SEVERE STORM AND FLOODING",1,0,1,1,"2021-08-21T00:00:00.000Z","2021-08-21T00:00:00.000Z","",0,47,43,99043,"Dickson (County)",21086,"2021-10-25T00:00:00.000Z","2023-05-22T03:41:22.800Z","111995905c15c7b9da53f5dbfd945c723e4035d5","8663e7cf-53ce-4c15-b329-697c53624e51",955,8138893.57,6301770.25,1837123.32,36686874.01,16216302.68,19702654.39,"2023-10-30T00:00:00.000Z","2023-10-30T00:00:00.000Z",450000,"706fbc9020e6f0cf1c59d16fd76304d40879a2c5","2023-10-30T05:22:57.890Z","71f7816d-ae85-4475-966b-11b4783cae7f"
"DR-4609-TN",4609,"TN","DR","2021-08-23T00:00:00.000Z",2021,"Flood","SEVERE STORM AND FLOODING",1,0,1,1,"2021-08-21T00:00:00.000Z","2021-08-21T00:00:00.000Z","",0,47,81,99081,"Hickman (County)",21086,"2021-10-25T00:00:00.000Z","2023-05-22T03:41:22.800Z","5154ae6d1f99b655c949a1d7f9047613eae5d0db","66168ab3-c9dc-4d68-a87f-5f08d60a3a33",955,8138893.57,6301770.25,1837123.32,36686874.01,16216302.68,19702654.39,"2023-10-30T00:00:00.000Z","2023-10-30T00:00:00.000Z",450000,"706fbc9020e6f0cf1c59d16fd76304d40879a2c5","2023-10-30T05:22:57.890Z","71f7816d-ae85-4475-966b-11b4783cae7f"
"DR-4609-TN",4609,"TN","DR","2021-08-23T00:00:00.000Z",2021,"Flood","SEVERE STORM AND FLOODING",1,0,1,1,"2021-08-21T00:00:00.000Z","2021-08-21T00:00:00.000Z","",0,47,83,99083,"Houston (County)",21086,"2021-10-25T00:00:00.000Z","2023-05-22T03:41:22.800Z","ddd0737eae73002b0d95edbd602f0153337ef04d","a318a3e6-6980-4aa7-8bd0-5c632189b67d",955,8138893.57,6301770.25,1837123.32,36686874.01,16216302.68,19702654.39,"2023-10-30T00:00:00.000Z","2023-10-30T00:00:00.000Z",450000,"706fbc9020e6f0cf1c59d16fd76304d40879a2c5","2023-10-30T05:22:57.890Z","71f7816d-ae85-4475-966b-11b4783cae7f"
"DR-4609-TN",4609,"TN","DR","2021-08-23T00:00:00.000Z",2021,"Flood","SEVERE STORM AND FLOODING",1,0,1,1,"2021-08-21T00:00:00.000Z","2021-08-21T00:00:00.000Z","",0,47,85,99085,"Humphreys (County)",21086,"2021-10-25T00:00:00.000Z","2023-05-22T03:41:22.800Z","32fde9069acb449fc4a33a10ebb6c1510a3ee1e3","092fb147-59a1-4571-9866-3501f2c35440",955,8138893.57,6301770.25,1837123.32,36686874.01,16216302.68,19702654.39,"2023-10-30T00:00:00.000Z","2023-10-30T00:00:00.000Z",450000,"706fbc9020e6f0cf1c59d16fd76304d40879a2c5","2023-10-30T05:22:57.890Z","71f7816d-ae85-4475-966b-11b4783cae7f"
"DR-4606-LA",4606,"LA","DR","2021-06-02T00:00:00.000Z",2021,"Flood","SEVERE STORMS, TORNADOES, AND FLOODING",0,0,1,1,"2021-05-17T00:00:00.000Z","2021-05-21T00:00:00.000Z","",0,22,7,99007,"Assumption (Parish)",21039,"2021-08-02T00:00:00.000Z","2023-05-22T03:41:22.800Z","f3d171f6f950e6a5c9eebf384aff047a9f86210b","7d2823c8-b4ec-40ba-9aa3-1c42d8c3240d",2501,14032804.41,11176256.29,2856548.12,11392572.85,8087971.86,2861887.57,"2023-10-30T00:00:00.000Z","2023-10-30T00:00:00.000Z",345077.5,"e5d859e71d246c18669607710f99f554ed390b49","2023-10-30T05:22:57.890Z","fc18f61f-7954-48a4-83a8-da4483b05888"
"DR-4606-LA",4606,"LA","DR","2021-06-02T00:00:00.000Z",2021,"Flood","SEVERE STORMS, TORNADOES, AND FLOODING",0,0,1,1,"2021-05-17T00:00:00.000Z","2021-05-21T00:00:00.000Z","",0,22,57,99057,"Lafourche (Parish)",21039,"2021-08-02T00:00:00.000Z","2023-05-22T03:41:22.800Z","3b86e284b26e2a5fb2f3b44641c9276ae1ebbd53","4f6658f4-83c2-43d3-8d24-1a80bd40b6cd",2501,14032804.41,11176256.29,2856548.12,11392572.85,8087971.86,2861887.57,"2023-10-30T00:00:00.000Z","2023-10-30T00:00:00.000Z",345077.5,"e5d859e71d246c18669607710f99f554ed390b49","2023-10-30T05:22:57.890Z","fc18f61f-7954-48a4-83a8-da4483b05888"
"DR-4606-LA",4606,"LA","DR","2021-06-02T00:00:00.000Z",2021,"Flood","SEVERE STORMS, TORNADOES, AND FLOODING",1,0,0,1,"2021-05-17T00:00:00.000Z","2021-05-21T00:00:00.000Z","",0,22,55,99055,"Lafayette (Parish)",21039,"2021-08-02T00:00:00.000Z","2023-05-22T03:41:22.800Z","cdac46f09f9a68d0e4a5e5814d9c451c349c9892","cb2a1837-75cc-480e-af1d-df14db4882ca",2501,14032804.41,11176256.29,2856548.12,11392572.85,8087971.86,2861887.57,"2023-10-30T00:00:00.000Z","2023-10-30T00:00:00.000Z",345077.5,"e5d859e71d246c18669607710f99f554ed390b49","2023-10-30T05:22:57.890Z","fc18f61f-7954-48a4-83a8-da4483b05888"
"DR-4606-LA",4606,"LA","DR","2021-06-02T00:00:00.000Z",2021,"Flood","SEVERE STORMS, TORNADOES, AND FLOODING",1,0,1,1,"2021-05-17T00:00:00.000Z","2021-05-21T00:00:00.000Z","",0,22,5,99005,"Ascension (Parish)",21039,"2021-08-02T00:00:00.000Z","2023-05-22T03:41:22.800Z","4733c23c71ba49a16c755d9de0bd27a753bad41b","1dec8e8f-f8ef-46b4-bdc3-ba8aad8f0d1d",2501,14032804.41,11176256.29,2856548.12,11392572.85,8087971.86,2861887.57,"2023-10-30T00:00:00.000Z","2023-10-30T00:00:00.000Z",345077.5,"e5d859e71d246c18669607710f99f554ed390b49","2023-10-30T05:22:57.890Z","fc18f61f-7954-48a4-83a8-da4483b05888"
"DR-4606-LA",4606,"LA","DR","2021-06-02T00:00:00.000Z",2021,"Flood","SEVERE STORMS, TORNADOES, AND FLOODING",1,0,1,1,"2021-05-17T00:00:00.000Z","2021-05-21T00:00:00.000Z","",0,22,19,99019,"Calcasieu (Parish)",21039,"2021-08-02T00:00:00.000Z","2023-05-22T03:41:22.800Z","13f82024464e642b27165af40a9610e2f41c04dd","d38759a3-50e3-4fcd-82df-56bdc6ce8f94",2501,14032804.41,11176256.29,2856548.12,11392572.85,8087971.86,2861887.57,"2023-10-30T00:00:00.000Z","2023-10-30T00:00:00.000Z",345077.5,"e5d859e71d246c18669607710f99f554ed390b49","2023-10-30T05:22:57.890Z","fc18f61f-7954-48a4-83a8-da4483b05888"
"DR-4606-LA",4606,"LA","DR","2021-06-02T00:00:00.000Z",2021,"Flood","SEVERE STORMS, TORNADOES, AND FLOODING",1,0,1,1,"2021-05-17T00:00:00.000Z","2021-05-21T00:00:00.000Z","",0,22,33,99033,"East Baton Rouge (Parish)",21039,"2021-08-02T00:00:00.000Z","2023-05-22T03:41:22.800Z","8a480c5cada80b60ae8b90928d4c27bc2cc712ec","63c55cef-2207-4860-bb9c-d838cefcd2c4",2501,14032804.41,11176256.29,2856548.12,11392572.85,8087971.86,2861887.57,"2023-10-30T00:00:00.000Z","2023-10-30T00:00:00.000Z",345077.5,"e5d859e71d246c18669607710f99f554ed390b49","2023-10-30T05:22:57.890Z","fc18f61f-7954-48a4-83a8-da4483b05888"
"DR-4606-LA",4606,"LA","DR","2021-06-02T00:00:00.000Z",2021,"Flood","SEVERE STORMS, TORNADOES, AND FLOODING",1,0,1,1,"2021-05-17T00:00:00.000Z","2021-05-21T00:00:00.000Z","",0,22,47,99047,"Iberville (Parish)",21039,"2021-08-02T00:00:00.000Z","2023-05-22T03:41:22.800Z","4990620aec55b36c0e988953eaa2a2d83bd15861","d4f23401-a890-44f5-9a33-3c1eda983292",2501,14032804.41,11176256.29,2856548.12,11392572.85,8087971.86,2861887.57,"2023-10-30T00:00:00.000Z","2023-10-30T00:00:00.000Z",345077.5,"e5d859e71d246c18669607710f99f554ed390b49","2023-10-30T05:22:57.890Z","fc18f61f-7954-48a4-83a8-da4483b05888"
"DR-4605-WV",4605,"WV","DR","2021-05-20T00:00:00.000Z",2021,"Flood","SEVERE STORMS AND FLOODING",0,0,1,1,"2021-02-27T00:00:00.000Z","2021-03-04T00:00:00.000Z","",0,54,5,99005,"Boone (County)",21037,"2021-07-19T00:00:00.000Z","2023-05-22T03:41:22.800Z","1b03d2f072ab789077da8a0cb6a5c3a564b26f8a","1161b08b-3dfb-4457-af4a-32a12d6a4a9b",262,2550083.38,2397106.42,152976.96,5922524.94,286734.31,5155049.94,"2023-10-30T00:00:00.000Z","2023-10-30T00:00:00.000Z",807681.6,"ffee587b33e56980d63b99454b8a4180ce2b68dd","2023-10-30T05:22:57.890Z","ae645414-9368-4c81-bd39-7aa2e201076b"
"DR-4605-WV",4605,"WV","DR","2021-05-20T00:00:00.000Z",2021,"Flood","SEVERE STORMS AND FLOODING",0,0,1,1,"2021-02-27T00:00:00.000Z","2021-03-04T00:00:00.000Z","",0,54,43,99043,"Lincoln (County)",21037,"2021-07-19T00:00:00.000Z","2023-05-22T03:41:22.800Z","c1c489a9df03a26ff5438a154d34c18bcf79d61b","be88c6c1-1245-4fe5-aa36-01a8be204082",262,2550083.38,2397106.42,152976.96,5922524.94,286734.31,5155049.94,"2023-10-30T00:00:00.000Z","2023-10-30T00:00:00.000Z",807681.6,"ffee587b33e56980d63b99454b8a4180ce2b68dd","2023-10-30T05:22:57.890Z","ae645414-9368-4c81-bd39-7aa2e201076b"
"DR-4605-WV",4605,"WV","DR","2021-05-20T00:00:00.000Z",2021,"Flood","SEVERE STORMS AND FLOODING",0,0,1,1,"2021-02-27T00:00:00.000Z","2021-03-04T00:00:00.000Z","",0,54,45,99045,"Logan (County)",21037,"2021-07-19T00:00:00.000Z","2023-05-22T03:41:22.800Z","ac535797f232b649e445a582e19521d041f621b3","57baa80d-da43-4335-9791-fe260fc93e8a",262,2550083.38,2397106.42,152976.96,5922524.94,286734.31,5155049.94,"2023-10-30T00:00:00.000Z","2023-10-30T00:00:00.000Z",807681.6,"ffee587b33e56980d63b99454b8a4180ce2b68dd","2023-10-30T05:22:57.890Z","ae645414-9368-4c81-bd39-7aa2e201076b"
"DR-4605-WV",4605,"WV","DR","2021-05-20T00:00:00.000Z",2021,"Flood","SEVERE STORMS AND FLOODING",1,0,0,1,"2021-02-27T00:00:00.000Z","2021-03-04T00:00:00.000Z","",0,54,11,99011,"Cabell (County)",21037,"2021-07-19T00:00:00.000Z","2023-05-22T03:41:22.800Z","a05b91fe53372ddb0ed95ca5393bcbee70cb0527","b7b41889-bab6-4f47-97ed-425bed4ebb7e",262,2550083.38,2397106.42,152976.96,5922524.94,286734.31,5155049.94,"2023-10-30T00:00:00.000Z","2023-10-30T00:00:00.000Z",807681.6,"ffee587b33e56980d63b99454b8a4180ce2b68dd","2023-10-30T05:22:57.890Z","ae645414-9368-4c81-bd39-7aa2e201076b"
"DR-4605-WV",4605,"WV","DR","2021-05-20T00:00:00.000Z",2021,"Flood","SEVERE STORMS AND FLOODING",1,0,1,1,"2021-02-27T00:00:00.000Z","2021-03-04T00:00:00.000Z","",0,54,39,99039,"Kanawha (County)",21037,"2021-07-19T00:00:00.000Z","2023-05-22T03:41:22.800Z","2364dc184560a3d0bcbab0c4c47f53eb8a4fc0af","84b67bb6-aa48-4087-89cf-a87db1034b17",262,2550083.38,2397106.42,152976.96,5922524.94,286734.31,5155049.94,"2023-10-30T00:00:00.000Z","2023-10-30T00:00:00.000Z",807681.6,"ffee587b33e56980d63b99454b8a4180ce2b68dd","2023-10-30T05:22:57.890Z","ae645414-9368-4c81-bd39-7aa2e201076b"
"DR-4605-WV",4605,"WV","DR","2021-05-20T00:00:00.000Z",2021,"Flood","SEVERE STORMS AND FLOODING",1,0,1,1,"2021-02-27T00:00:00.000Z","2021-03-04T00:00:00.000Z","",0,54,59,99059,"Mingo (County)",21037,"2021-07-19T00:00:00.000Z","2023-05-22T03:41:22.800Z","f128cc23241b61660914567a279147f91defdc04","22573820-5728-4555-8f47-5b10b3b7d23a",262,2550083.38,2397106.42,152976.96,5922524.94,286734.31,5155049.94,"2023-10-30T00:00:00.000Z","2023-10-30T00:00:00.000Z",807681.6,"ffee587b33e56980d63b99454b8a4180ce2b68dd","2023-10-30T05:22:57.890Z","ae645414-9368-4c81-bd39-7aa2e201076b"
"DR-4605-WV",4605,"WV","DR","2021-05-20T00:00:00.000Z",2021,"Flood","SEVERE STORMS AND FLOODING",1,0,1,1,"2021-02-27T00:00:00.000Z","2021-03-04T00:00:00.000Z","",0,54,99,99099,"Wayne (County)",21037,"2021-07-19T00:00:00.000Z","2023-05-22T03:41:22.800Z","393010c254f47bb98e18aa1075275bf1b31b322c","4f135c03-c4cb-4ab0-9a73-894e6687dcf1",262,2550083.38,2397106.42,152976.96,5922524.94,286734.31,5155049.94,"2023-10-30T00:00:00.000Z","2023-10-30T00:00:00.000Z",807681.6,"ffee587b33e56980d63b99454b8a4180ce2b68dd","2023-10-30T05:22:57.890Z","ae645414-9368-4c81-bd39-7aa2e201076b"
"DR-4604-HI",4604,"HI","DR","2021-05-13T00:00:00.000Z",2021,"Flood","SEVERE STORMS, FLOODING, AND LANDSLIDES",0,0,1,1,"2021-03-08T00:00:00.000Z","2021-03-18T00:00:00.000Z","",0,15,9,99009,"Maui (County)",21034,"","2023-05-22T03:41:22.800Z","4f34fdcb935abfafe81b3b5449c79fdc73f67257","8d2c506c-13ef-4fc7-8a77-c9b3e7e9c954",NA,NA,NA,NA,5965730.75,282762.46,5362177.9,"2023-10-30T00:00:00.000Z","",0,"15027128b4594d2587cdfd0cb8a43e1d2cd7c2b9","2023-10-30T04:22:46.792Z","b7f37669-6760-46c2-8c1e-fbdf6c96e5c5"
"DR-4595-KY",4595,"KY","DR","2021-04-23T00:00:00.000Z",2021,"Flood","SEVERE, STORMS, FLOODING, LANDSLIDES, AND MUDSLIDES",0,0,1,1,"2021-02-27T00:00:00.000Z","2021-03-14T00:00:00.000Z","",0,21,7,99007,"Ballard (County)",21025,"2021-07-23T00:00:00.000Z","2023-05-22T03:41:22.800Z","d78bd86754dc63a8fbfe51f87f2965a18e009480","bf1065d5-cb75-4821-9a7f-b63807192dbb",1336,10038254.14,8551668.81,1486585.33,89102066.57,3652533.55,77920613.03,"2023-10-30T00:00:00.000Z","2023-10-30T00:00:00.000Z",8211220.38,"1da7a18404dbbf8ab1a6b601aeee6872713d5f06","2023-10-30T05:22:57.890Z","dca382ed-ba38-41ce-bfe8-971cee2b3f72"
"DR-4595-KY",4595,"KY","DR","2021-04-23T00:00:00.000Z",2021,"Flood","SEVERE, STORMS, FLOODING, LANDSLIDES, AND MUDSLIDES",0,0,1,1,"2021-02-27T00:00:00.000Z","2021-03-14T00:00:00.000Z","",0,21,13,99013,"Bell (County)",21025,"2021-07-23T00:00:00.000Z","2023-05-22T03:41:22.800Z","ff44e1c9d5bca32ca6650cbea65f89821a39b19e","d5469d7e-b3b3-4147-ac1b-19e8c085399c",1336,10038254.14,8551668.81,1486585.33,89102066.57,3652533.55,77920613.03,"2023-10-30T00:00:00.000Z","2023-10-30T00:00:00.000Z",8211220.38,"1da7a18404dbbf8ab1a6b601aeee6872713d5f06","2023-10-30T05:22:57.890Z","dca382ed-ba38-41ce-bfe8-971cee2b3f72"
"DR-4595-KY",4595,"KY","DR","2021-04-23T00:00:00.000Z",2021,"Flood","SEVERE, STORMS, FLOODING, LANDSLIDES, AND MUDSLIDES",0,0,1,1,"2021-02-27T00:00:00.000Z","2021-03-14T00:00:00.000Z","",0,21,35,99035,"Calloway (County)",21025,"2021-07-23T00:00:00.000Z","2023-05-22T03:41:22.800Z","5106e85c0fae8327b5ab9f3edacf00e4961b850f","6144b487-71e5-4f1d-b45e-ffce8d423e21",1336,10038254.14,8551668.81,1486585.33,89102066.57,3652533.55,77920613.03,"2023-10-30T00:00:00.000Z","2023-10-30T00:00:00.000Z",8211220.38,"1da7a18404dbbf8ab1a6b601aeee6872713d5f06","2023-10-30T05:22:57.890Z","dca382ed-ba38-41ce-bfe8-971cee2b3f72"
"DR-4595-KY",4595,"KY","DR","2021-04-23T00:00:00.000Z",2021,"Flood","SEVERE, STORMS, FLOODING, LANDSLIDES, AND MUDSLIDES",0,0,1,1,"2021-02-27T00:00:00.000Z","2021-03-14T00:00:00.000Z","",0,21,43,99043,"Carter (County)",21025,"2021-07-23T00:00:00.000Z","2023-05-22T03:41:22.800Z","12dac1f154ced3025bbb955d3110fea04c8e84cd","48961dfb-c3be-4e32-9e1b-9e0a13e1c6bc",1336,10038254.14,8551668.81,1486585.33,89102066.57,3652533.55,77920613.03,"2023-10-30T00:00:00.000Z","2023-10-30T00:00:00.000Z",8211220.38,"1da7a18404dbbf8ab1a6b601aeee6872713d5f06","2023-10-30T05:22:57.890Z","dca382ed-ba38-41ce-bfe8-971cee2b3f72"
"DR-4595-KY",4595,"KY","DR","2021-04-23T00:00:00.000Z",2021,"Flood","SEVERE, STORMS, FLOODING, LANDSLIDES, AND MUDSLIDES",0,0,1,1,"2021-02-27T00:00:00.000Z","2021-03-14T00:00:00.000Z","",0,21,45,99045,"Casey (County)",21025,"2021-07-23T00:00:00.000Z","2023-05-22T03:41:22.800Z","4c8b19e995e59389916b305f4d23954ff51603d8","c92dcd68-f6c0-433e-893d-ce7f4a22afe1",1336,10038254.14,8551668.81,1486585.33,89102066.57,3652533.55,77920613.03,"2023-10-30T00:00:00.000Z","2023-10-30T00:00:00.000Z",8211220.38,"1da7a18404dbbf8ab1a6b601aeee6872713d5f06","2023-10-30T05:22:57.890Z","dca382ed-ba38-41ce-bfe8-971cee2b3f72"
"DR-4595-KY",4595,"KY","DR","2021-04-23T00:00:00.000Z",2021,"Flood","SEVERE, STORMS, FLOODING, LANDSLIDES, AND MUDSLIDES",0,0,1,1,"2021-02-27T00:00:00.000Z","2021-03-14T00:00:00.000Z","",0,21,57,99057,"Cumberland (County)",21025,"2021-07-23T00:00:00.000Z","2023-05-22T03:41:22.800Z","bc337ee905605d609922eef3932501b2dfd142c4","bded8968-c5df-4ca5-a53a-ddddaf70cf7d",1336,10038254.14,8551668.81,1486585.33,89102066.57,3652533.55,77920613.03,"2023-10-30T00:00:00.000Z","2023-10-30T00:00:00.000Z",8211220.38,"1da7a18404dbbf8ab1a6b601aeee6872713d5f06","2023-10-30T05:22:57.890Z","dca382ed-ba38-41ce-bfe8-971cee2b3f72"
"DR-4595-KY",4595,"KY","DR","2021-04-23T00:00:00.000Z",2021,"Flood","SEVERE, STORMS, FLOODING, LANDSLIDES, AND MUDSLIDES",0,0,1,1,"2021-02-27T00:00:00.000Z","2021-03-14T00:00:00.000Z","",0,21,61,99061,"Edmonson (County)",21025,"2021-07-23T00:00:00.000Z","2023-05-22T03:41:22.800Z","63914ac677e2f469c6ade92019eb825a9123073f","8992551c-6a5d-44fc-a911-31e2096cebec",1336,10038254.14,8551668.81,1486585.33,89102066.57,3652533.55,77920613.03,"2023-10-30T00:00:00.000Z","2023-10-30T00:00:00.000Z",8211220.38,"1da7a18404dbbf8ab1a6b601aeee6872713d5f06","2023-10-30T05:22:57.890Z","dca382ed-ba38-41ce-bfe8-971cee2b3f72"
"DR-4595-KY",4595,"KY","DR","2021-04-23T00:00:00.000Z",2021,"Flood","SEVERE, STORMS, FLOODING, LANDSLIDES, AND MUDSLIDES",0,0,1,1,"2021-02-27T00:00:00.000Z","2021-03-14T00:00:00.000Z","",0,21,63,99063,"Elliott (County)",21025,"2021-07-23T00:00:00.000Z","2023-05-22T03:41:22.800Z","043c08157a962ebd41a0ac1be7cbc66dc7216f95","90465c18-2e60-4153-a9cd-71241121ba3e",1336,10038254.14,8551668.81,1486585.33,89102066.57,3652533.55,77920613.03,"2023-10-30T00:00:00.000Z","2023-10-30T00:00:00.000Z",8211220.38,"1da7a18404dbbf8ab1a6b601aeee6872713d5f06","2023-10-30T05:22:57.890Z","dca382ed-ba38-41ce-bfe8-971cee2b3f72"
"DR-4595-KY",4595,"KY","DR","2021-04-23T00:00:00.000Z",2021,"Flood","SEVERE, STORMS, FLOODING, LANDSLIDES, AND MUDSLIDES",0,0,1,1,"2021-02-27T00:00:00.000Z","2021-03-14T00:00:00.000Z","",0,21,83,99083,"Graves (County)",21025,"2021-07-23T00:00:00.000Z","2023-05-22T03:41:22.800Z","59761e55c4d6203be2744fd6a06f0a28e7ed19f0","c645381c-6d15-4b6c-aac8-89046dbb22aa",1336,10038254.14,8551668.81,1486585.33,89102066.57,3652533.55,77920613.03,"2023-10-30T00:00:00.000Z","2023-10-30T00:00:00.000Z",8211220.38,"1da7a18404dbbf8ab1a6b601aeee6872713d5f06","2023-10-30T05:22:57.890Z","dca382ed-ba38-41ce-bfe8-971cee2b3f72"
"DR-4595-KY",4595,"KY","DR","2021-04-23T00:00:00.000Z",2021,"Flood","SEVERE, STORMS, FLOODING, LANDSLIDES, AND MUDSLIDES",0,0,1,1,"2021-02-27T00:00:00.000Z","2021-03-14T00:00:00.000Z","",0,21,95,99095,"Harlan (County)",21025,"2021-07-23T00:00:00.000Z","2023-05-22T03:41:22.800Z","1f9f0637e46c5ad373beb5d7dda882c4b8b86d5c","c4d9a98f-81dd-414d-a721-ce704c6de48d",1336,10038254.14,8551668.81,1486585.33,89102066.57,3652533.55,77920613.03,"2023-10-30T00:00:00.000Z","2023-10-30T00:00:00.000Z",8211220.38,"1da7a18404dbbf8ab1a6b601aeee6872713d5f06","2023-10-30T05:22:57.890Z","dca382ed-ba38-41ce-bfe8-971cee2b3f72"
"DR-4595-KY",4595,"KY","DR","2021-04-23T00:00:00.000Z",2021,"Flood","SEVERE, STORMS, FLOODING, LANDSLIDES, AND MUDSLIDES",0,0,1,1,"2021-02-27T00:00:00.000Z","2021-03-14T00:00:00.000Z","",0,21,121,99121,"Knox (County)",21025,"2021-07-23T00:00:00.000Z","2023-05-22T03:41:22.800Z","4f8136a0d72c22ce534b95e0aa9efb286e18be52","a0ab7462-7d25-4405-b8ed-e095daafd972",1336,10038254.14,8551668.81,1486585.33,89102066.57,3652533.55,77920613.03,"2023-10-30T00:00:00.000Z","2023-10-30T00:00:00.000Z",8211220.38,"1da7a18404dbbf8ab1a6b601aeee6872713d5f06","2023-10-30T05:22:57.890Z","dca382ed-ba38-41ce-bfe8-971cee2b3f72"
"DR-4595-KY",4595,"KY","DR","2021-04-23T00:00:00.000Z",2021,"Flood","SEVERE, STORMS, FLOODING, LANDSLIDES, AND MUDSLIDES",0,0,1,1,"2021-02-27T00:00:00.000Z","2021-03-14T00:00:00.000Z","",0,21,155,99155,"Marion (County)",21025,"2021-07-23T00:00:00.000Z","2023-05-22T03:41:22.800Z","f584585bdaf35e32559c36b454c6749c3fac45c0","c38e6674-bbb5-49ac-b3cf-241b6f321f65",1336,10038254.14,8551668.81,1486585.33,89102066.57,3652533.55,77920613.03,"2023-10-30T00:00:00.000Z","2023-10-30T00:00:00.000Z",8211220.38,"1da7a18404dbbf8ab1a6b601aeee6872713d5f06","2023-10-30T05:22:57.890Z","dca382ed-ba38-41ce-bfe8-971cee2b3f72"
"DR-4595-KY",4595,"KY","DR","2021-04-23T00:00:00.000Z",2021,"Flood","SEVERE, STORMS, FLOODING, LANDSLIDES, AND MUDSLIDES",0,0,1,1,"2021-02-27T00:00:00.000Z","2021-03-14T00:00:00.000Z","",0,21,161,99161,"Mason (County)",21025,"2021-07-23T00:00:00.000Z","2023-05-22T03:41:22.800Z","fb4618f7176e08c7a781148f548fd328d707cfc9","c1f4537d-c1d2-42cf-abc7-85cc4f2c29ec",1336,10038254.14,8551668.81,1486585.33,89102066.57,3652533.55,77920613.03,"2023-10-30T00:00:00.000Z","2023-10-30T00:00:00.000Z",8211220.38,"1da7a18404dbbf8ab1a6b601aeee6872713d5f06","2023-10-30T05:22:57.890Z","dca382ed-ba38-41ce-bfe8-971cee2b3f72"
"DR-4595-KY",4595,"KY","DR","2021-04-23T00:00:00.000Z",2021,"Flood","SEVERE, STORMS, FLOODING, LANDSLIDES, AND MUDSLIDES",0,0,1,1,"2021-02-27T00:00:00.000Z","2021-03-14T00:00:00.000Z","",0,21,165,99165,"Menifee (County)",21025,"2021-07-23T00:00:00.000Z","2023-05-22T03:41:22.800Z","bcc2e4faf7191f4cb110362b152b4aa8080840c2","f64b1464-86b2-4f70-ad5a-85002a5a22a3",1336,10038254.14,8551668.81,1486585.33,89102066.57,3652533.55,77920613.03,"2023-10-30T00:00:00.000Z","2023-10-30T00:00:00.000Z",8211220.38,"1da7a18404dbbf8ab1a6b601aeee6872713d5f06","2023-10-30T05:22:57.890Z","dca382ed-ba38-41ce-bfe8-971cee2b3f72"
"DR-4595-KY",4595,"KY","DR","2021-04-23T00:00:00.000Z",2021,"Flood","SEVERE, STORMS, FLOODING, LANDSLIDES, AND MUDSLIDES",0,0,1,1,"2021-02-27T00:00:00.000Z","2021-03-14T00:00:00.000Z","",0,21,183,99183,"Ohio (County)",21025,"2021-07-23T00:00:00.000Z","2023-05-22T03:41:22.800Z","34df26108ff399ff1ba695b9011bd0c286d70032","e5117d1e-e42e-4716-a698-9fc98ef0c126",1336,10038254.14,8551668.81,1486585.33,89102066.57,3652533.55,77920613.03,"2023-10-30T00:00:00.000Z","2023-10-30T00:00:00.000Z",8211220.38,"1da7a18404dbbf8ab1a6b601aeee6872713d5f06","2023-10-30T05:22:57.890Z","dca382ed-ba38-41ce-bfe8-971cee2b3f72"
"DR-4595-KY",4595,"KY","DR","2021-04-23T00:00:00.000Z",2021,"Flood","SEVERE, STORMS, FLOODING, LANDSLIDES, AND MUDSLIDES",0,0,1,1,"2021-02-27T00:00:00.000Z","2021-03-14T00:00:00.000Z","",0,21,195,99195,"Pike (County)",21025,"2021-07-23T00:00:00.000Z","2023-05-22T03:41:22.800Z","b6de3092ea8a5f0b4ad79cbac4f3fc584f7acab9","636e4794-f2a0-4391-9804-a7782ed679a2",1336,10038254.14,8551668.81,1486585.33,89102066.57,3652533.55,77920613.03,"2023-10-30T00:00:00.000Z","2023-10-30T00:00:00.000Z",8211220.38,"1da7a18404dbbf8ab1a6b601aeee6872713d5f06","2023-10-30T05:22:57.890Z","dca382ed-ba38-41ce-bfe8-971cee2b3f72"
"DR-4595-KY",4595,"KY","DR","2021-04-23T00:00:00.000Z",2021,"Flood","SEVERE, STORMS, FLOODING, LANDSLIDES, AND MUDSLIDES",0,0,1,1,"2021-02-27T00:00:00.000Z","2021-03-14T00:00:00.000Z","",0,21,225,99225,"Union (County)",21025,"2021-07-23T00:00:00.000Z","2023-05-22T03:41:22.800Z","e3b02e6d6a99ce15b05ca607823bcdd22682e968","8284c129-aa8b-4961-863b-867754aecf6f",1336,10038254.14,8551668.81,1486585.33,89102066.57,3652533.55,77920613.03,"2023-10-30T00:00:00.000Z","2023-10-30T00:00:00.000Z",8211220.38,"1da7a18404dbbf8ab1a6b601aeee6872713d5f06","2023-10-30T05:22:57.890Z","dca382ed-ba38-41ce-bfe8-971cee2b3f72"
"DR-4595-KY",4595,"KY","DR","2021-04-23T00:00:00.000Z",2021,"Flood","SEVERE, STORMS, FLOODING, LANDSLIDES, AND MUDSLIDES",0,0,1,1,"2021-02-27T00:00:00.000Z","2021-03-14T00:00:00.000Z","",0,21,235,99235,"Whitley (County)",21025,"2021-07-23T00:00:00.000Z","2023-05-22T03:41:22.800Z","175b99c172e37189e27871cee78f0f36c415f617","5f30c721-8859-426f-b49e-7841c9c204c0",1336,10038254.14,8551668.81,1486585.33,89102066.57,3652533.55,77920613.03,"2023-10-30T00:00:00.000Z","2023-10-30T00:00:00.000Z",8211220.38,"1da7a18404dbbf8ab1a6b601aeee6872713d5f06","2023-10-30T05:22:57.890Z","dca382ed-ba38-41ce-bfe8-971cee2b3f72"
"DR-4595-KY",4595,"KY","DR","2021-04-23T00:00:00.000Z",2021,"Flood","SEVERE, STORMS, FLOODING, LANDSLIDES, AND MUDSLIDES",0,0,1,1,"2021-02-27T00:00:00.000Z","2021-03-14T00:00:00.000Z","",0,21,237,99237,"Wolfe (County)",21025,"2021-07-23T00:00:00.000Z","2023-05-22T03:41:22.800Z","5839812a44057022178a6ab3257f9ff8d2c0d2f0","28c300ed-85c3-4308-b06e-74f609808a36",1336,10038254.14,8551668.81,1486585.33,89102066.57,3652533.55,77920613.03,"2023-10-30T00:00:00.000Z","2023-10-30T00:00:00.000Z",8211220.38,"1da7a18404dbbf8ab1a6b601aeee6872713d5f06","2023-10-30T05:22:57.890Z","dca382ed-ba38-41ce-bfe8-971cee2b3f72"
"DR-4595-KY",4595,"KY","DR","2021-04-23T00:00:00.000Z",2021,"Flood","SEVERE, STORMS, FLOODING, LANDSLIDES, AND MUDSLIDES",1,0,0,1,"2021-02-27T00:00:00.000Z","2021-03-14T00:00:00.000Z","",0,21,5,99005,"Anderson (County)",21025,"2021-07-23T00:00:00.000Z","2023-05-22T03:41:22.800Z","3d74940044e7450194fe8dca4b0ad5b1ca3a072f","8ca47748-56fc-48aa-963f-3816ee86f247",1336,10038254.14,8551668.81,1486585.33,89102066.57,3652533.55,77920613.03,"2023-10-30T00:00:00.000Z","2023-10-30T00:00:00.000Z",8211220.38,"1da7a18404dbbf8ab1a6b601aeee6872713d5f06","2023-10-30T05:22:57.890Z","dca382ed-ba38-41ce-bfe8-971cee2b3f72"
"DR-4595-KY",4595,"KY","DR","2021-04-23T00:00:00.000Z",2021,"Flood","SEVERE, STORMS, FLOODING, LANDSLIDES, AND MUDSLIDES",1,0,0,1,"2021-02-27T00:00:00.000Z","2021-03-14T00:00:00.000Z","",0,21,67,99067,"Fayette (County)",21025,"2021-07-23T00:00:00.000Z","2023-05-22T03:41:22.800Z","0528834875f7b8936f6161fcc9d0f6b63988d342","23be6e30-b24d-4dda-be81-2e3f40b4286d",1336,10038254.14,8551668.81,1486585.33,89102066.57,3652533.55,77920613.03,"2023-10-30T00:00:00.000Z","2023-10-30T00:00:00.000Z",8211220.38,"1da7a18404dbbf8ab1a6b601aeee6872713d5f06","2023-10-30T05:22:57.890Z","dca382ed-ba38-41ce-bfe8-971cee2b3f72"
"DR-4595-KY",4595,"KY","DR","2021-04-23T00:00:00.000Z",2021,"Flood","SEVERE, STORMS, FLOODING, LANDSLIDES, AND MUDSLIDES",1,0,0,1,"2021-02-27T00:00:00.000Z","2021-03-14T00:00:00.000Z","",0,21,113,99113,"Jessamine (County)",21025,"2021-07-23T00:00:00.000Z","2023-05-22T03:41:22.800Z","77eab7aeee89db4877180b23350512f359a2d0a4","dadbddd6-ae1b-4dac-8dc2-87706648e235",1336,10038254.14,8551668.81,1486585.33,89102066.57,3652533.55,77920613.03,"2023-10-30T00:00:00.000Z","2023-10-30T00:00:00.000Z",8211220.38,"1da7a18404dbbf8ab1a6b601aeee6872713d5f06","2023-10-30T05:22:57.890Z","dca382ed-ba38-41ce-bfe8-971cee2b3f72"
"DR-4595-KY",4595,"KY","DR","2021-04-23T00:00:00.000Z",2021,"Flood","SEVERE, STORMS, FLOODING, LANDSLIDES, AND MUDSLIDES",1,0,0,1,"2021-02-27T00:00:00.000Z","2021-03-14T00:00:00.000Z","",0,21,125,99125,"Laurel (County)",21025,"2021-07-23T00:00:00.000Z","2023-05-22T03:41:22.800Z","57c6a99b80627aeeec867537c495a49b6c611afe","b1d97fe0-a4d8-4825-9c44-c09e8c0cb435",1336,10038254.14,8551668.81,1486585.33,89102066.57,3652533.55,77920613.03,"2023-10-30T00:00:00.000Z","2023-10-30T00:00:00.000Z",8211220.38,"1da7a18404dbbf8ab1a6b601aeee6872713d5f06","2023-10-30T05:22:57.890Z","dca382ed-ba38-41ce-bfe8-971cee2b3f72"
"DR-4595-KY",4595,"KY","DR","2021-04-23T00:00:00.000Z",2021,"Flood","SEVERE, STORMS, FLOODING, LANDSLIDES, AND MUDSLIDES",1,0,0,1,"2021-02-27T00:00:00.000Z","2021-03-14T00:00:00.000Z","",0,21,227,99227,"Warren (County)",21025,"2021-07-23T00:00:00.000Z","2023-05-22T03:41:22.800Z","cfdd77ee5a3d2f9c20720a8c4167a8cbf746db1a","f1075de6-1539-4f9c-adf1-fd7c4ea9e584",1336,10038254.14,8551668.81,1486585.33,89102066.57,3652533.55,77920613.03,"2023-10-30T00:00:00.000Z","2023-10-30T00:00:00.000Z",8211220.38,"1da7a18404dbbf8ab1a6b601aeee6872713d5f06","2023-10-30T05:22:57.890Z","dca382ed-ba38-41ce-bfe8-971cee2b3f72"
"DR-4595-KY",4595,"KY","DR","2021-04-23T00:00:00.000Z",2021,"Flood","SEVERE, STORMS, FLOODING, LANDSLIDES, AND MUDSLIDES",1,0,0,1,"2021-02-27T00:00:00.000Z","2021-03-14T00:00:00.000Z","",0,21,239,99239,"Woodford (County)",21025,"2021-07-23T00:00:00.000Z","2023-05-22T03:41:22.800Z","afdf5ae59660ade64da343e6de99fe2d23a587c6","153e189c-d524-4f7b-9f7e-ae3065a7c30c",1336,10038254.14,8551668.81,1486585.33,89102066.57,3652533.55,77920613.03,"2023-10-30T00:00:00.000Z","2023-10-30T00:00:00.000Z",8211220.38,"1da7a18404dbbf8ab1a6b601aeee6872713d5f06","2023-10-30T05:22:57.890Z","dca382ed-ba38-41ce-bfe8-971cee2b3f72"
"DR-4595-KY",4595,"KY","DR","2021-04-23T00:00:00.000Z",2021,"Flood","SEVERE, STORMS, FLOODING, LANDSLIDES, AND MUDSLIDES",1,0,1,1,"2021-02-27T00:00:00.000Z","2021-03-14T00:00:00.000Z","",0,21,19,99019,"Boyd (County)",21025,"2021-07-23T00:00:00.000Z","2023-05-22T03:41:22.800Z","8019842acadf034dc2371c83f1045f79bbdc2ceb","25e32e8b-08c4-420e-9a74-3d5e332cbb6e",1336,10038254.14,8551668.81,1486585.33,89102066.57,3652533.55,77920613.03,"2023-10-30T00:00:00.000Z","2023-10-30T00:00:00.000Z",8211220.38,"1da7a18404dbbf8ab1a6b601aeee6872713d5f06","2023-10-30T05:22:57.890Z","dca382ed-ba38-41ce-bfe8-971cee2b3f72"
"DR-4595-KY",4595,"KY","DR","2021-04-23T00:00:00.000Z",2021,"Flood","SEVERE, STORMS, FLOODING, LANDSLIDES, AND MUDSLIDES",1,0,1,1,"2021-02-27T00:00:00.000Z","2021-03-14T00:00:00.000Z","",0,21,25,99025,"Breathitt (County)",21025,"2021-07-23T00:00:00.000Z","2023-05-22T03:41:22.800Z","da09757d299f025388b3ebaa77bb1222e0e4523f","14d75e15-2ebf-4d39-bcf8-84b775ee5c6d",1336,10038254.14,8551668.81,1486585.33,89102066.57,3652533.55,77920613.03,"2023-10-30T00:00:00.000Z","2023-10-30T00:00:00.000Z",8211220.38,"1da7a18404dbbf8ab1a6b601aeee6872713d5f06","2023-10-30T05:22:57.890Z","dca382ed-ba38-41ce-bfe8-971cee2b3f72"
"DR-4595-KY",4595,"KY","DR","2021-04-23T00:00:00.000Z",2021,"Flood","SEVERE, STORMS, FLOODING, LANDSLIDES, AND MUDSLIDES",1,0,1,1,"2021-02-27T00:00:00.000Z","2021-03-14T00:00:00.000Z","",0,21,49,99049,"Clark (County)",21025,"2021-07-23T00:00:00.000Z","2023-05-22T03:41:22.800Z","83291d4bc31738f3516a2c9379921d60bddea5d9","265c9aa6-d697-42b1-bb2f-0c644d118209",1336,10038254.14,8551668.81,1486585.33,89102066.57,3652533.55,77920613.03,"2023-10-30T00:00:00.000Z","2023-10-30T00:00:00.000Z",8211220.38,"1da7a18404dbbf8ab1a6b601aeee6872713d5f06","2023-10-30T05:22:57.890Z","dca382ed-ba38-41ce-bfe8-971cee2b3f72"
"DR-4595-KY",4595,"KY","DR","2021-04-23T00:00:00.000Z",2021,"Flood","SEVERE, STORMS, FLOODING, LANDSLIDES, AND MUDSLIDES",1,0,1,1,"2021-02-27T00:00:00.000Z","2021-03-14T00:00:00.000Z","",0,21,51,99051,"Clay (County)",21025,"2021-07-23T00:00:00.000Z","2023-05-22T03:41:22.800Z","5417885d3284d95ed4197abe2004fd3135f0a228","09c9ce5a-8741-48d3-a2f5-c7bce271a63f",1336,10038254.14,8551668.81,1486585.33,89102066.57,3652533.55,77920613.03,"2023-10-30T00:00:00.000Z","2023-10-30T00:00:00.000Z",8211220.38,"1da7a18404dbbf8ab1a6b601aeee6872713d5f06","2023-10-30T05:22:57.890Z","dca382ed-ba38-41ce-bfe8-971cee2b3f72"
"DR-4595-KY",4595,"KY","DR","2021-04-23T00:00:00.000Z",2021,"Flood","SEVERE, STORMS, FLOODING, LANDSLIDES, AND MUDSLIDES",1,0,1,1,"2021-02-27T00:00:00.000Z","2021-03-14T00:00:00.000Z","",0,21,65,99065,"Estill (County)",21025,"2021-07-23T00:00:00.000Z","2023-05-22T03:41:22.800Z","8546685303e7e93c3fd1a1921fa7d8642962f8af","bfd14b3e-be4e-448f-93a3-3498fb6567c4",1336,10038254.14,8551668.81,1486585.33,89102066.57,3652533.55,77920613.03,"2023-10-30T00:00:00.000Z","2023-10-30T00:00:00.000Z",8211220.38,"1da7a18404dbbf8ab1a6b601aeee6872713d5f06","2023-10-30T05:22:57.890Z","dca382ed-ba38-41ce-bfe8-971cee2b3f72"
"DR-4595-KY",4595,"KY","DR","2021-04-23T00:00:00.000Z",2021,"Flood","SEVERE, STORMS, FLOODING, LANDSLIDES, AND MUDSLIDES",1,0,1,1,"2021-02-27T00:00:00.000Z","2021-03-14T00:00:00.000Z","",0,21,71,99071,"Floyd (County)",21025,"2021-07-23T00:00:00.000Z","2023-05-22T03:41:22.800Z","23759605945385e147da49f4de4948cea2001c55","23a4ac13-4cd4-4d3a-a701-96b3cfc994c7",1336,10038254.14,8551668.81,1486585.33,89102066.57,3652533.55,77920613.03,"2023-10-30T00:00:00.000Z","2023-10-30T00:00:00.000Z",8211220.38,"1da7a18404dbbf8ab1a6b601aeee6872713d5f06","2023-10-30T05:22:57.890Z","dca382ed-ba38-41ce-bfe8-971cee2b3f72"
"DR-4595-KY",4595,"KY","DR","2021-04-23T00:00:00.000Z",2021,"Flood","SEVERE, STORMS, FLOODING, LANDSLIDES, AND MUDSLIDES",1,0,1,1,"2021-02-27T00:00:00.000Z","2021-03-14T00:00:00.000Z","",0,21,73,99073,"Franklin (County)",21025,"2021-07-23T00:00:00.000Z","2023-05-22T03:41:22.800Z","6420e19eb9d3bff4966eb167b6f39757240c3674","ff0cb14c-5fbd-4fac-b453-eb6d780cfc7c",1336,10038254.14,8551668.81,1486585.33,89102066.57,3652533.55,77920613.03,"2023-10-30T00:00:00.000Z","2023-10-30T00:00:00.000Z",8211220.38,"1da7a18404dbbf8ab1a6b601aeee6872713d5f06","2023-10-30T05:22:57.890Z","dca382ed-ba38-41ce-bfe8-971cee2b3f72"
"DR-4595-KY",4595,"KY","DR","2021-04-23T00:00:00.000Z",2021,"Flood","SEVERE, STORMS, FLOODING, LANDSLIDES, AND MUDSLIDES",1,0,1,1,"2021-02-27T00:00:00.000Z","2021-03-14T00:00:00.000Z","",0,21,89,99089,"Greenup (County)",21025,"2021-07-23T00:00:00.000Z","2023-05-22T03:41:22.800Z","c1995ea4f6bc065fc1791a6e70a38b32db8bc1ae","971fb9e4-7d0f-48c2-a41d-3008dc54eb83",1336,10038254.14,8551668.81,1486585.33,89102066.57,3652533.55,77920613.03,"2023-10-30T00:00:00.000Z","2023-10-30T00:00:00.000Z",8211220.38,"1da7a18404dbbf8ab1a6b601aeee6872713d5f06","2023-10-30T05:22:57.890Z","dca382ed-ba38-41ce-bfe8-971cee2b3f72"
"DR-4595-KY",4595,"KY","DR","2021-04-23T00:00:00.000Z",2021,"Flood","SEVERE, STORMS, FLOODING, LANDSLIDES, AND MUDSLIDES",1,0,1,1,"2021-02-27T00:00:00.000Z","2021-03-14T00:00:00.000Z","",0,21,109,99109,"Jackson (County)",21025,"2021-07-23T00:00:00.000Z","2023-05-22T03:41:22.800Z","4b5236e6587ae0bd1867b7cd0f430321fc2a113e","0e344d91-3bcf-439f-a2b6-638565a50d43",1336,10038254.14,8551668.81,1486585.33,89102066.57,3652533.55,77920613.03,"2023-10-30T00:00:00.000Z","2023-10-30T00:00:00.000Z",8211220.38,"1da7a18404dbbf8ab1a6b601aeee6872713d5f06","2023-10-30T05:22:57.890Z","dca382ed-ba38-41ce-bfe8-971cee2b3f72"
"DR-4595-KY",4595,"KY","DR","2021-04-23T00:00:00.000Z",2021,"Flood","SEVERE, STORMS, FLOODING, LANDSLIDES, AND MUDSLIDES",1,0,1,1,"2021-02-27T00:00:00.000Z","2021-03-14T00:00:00.000Z","",0,21,115,99115,"Johnson (County)",21025,"2021-07-23T00:00:00.000Z","2023-05-22T03:41:22.800Z","54e24a994da24fa7580103725a4be0be1fad4712","254b0fb4-3471-46dd-9cd2-4bc7cd9e6e92",1336,10038254.14,8551668.81,1486585.33,89102066.57,3652533.55,77920613.03,"2023-10-30T00:00:00.000Z","2023-10-30T00:00:00.000Z",8211220.38,"1da7a18404dbbf8ab1a6b601aeee6872713d5f06","2023-10-30T05:22:57.890Z","dca382ed-ba38-41ce-bfe8-971cee2b3f72"
"DR-4595-KY",4595,"KY","DR","2021-04-23T00:00:00.000Z",2021,"Flood","SEVERE, STORMS, FLOODING, LANDSLIDES, AND MUDSLIDES",1,0,1,1,"2021-02-27T00:00:00.000Z","2021-03-14T00:00:00.000Z","",0,21,119,99119,"Knott (County)",21025,"2021-07-23T00:00:00.000Z","2023-05-22T03:41:22.800Z","0127beabdf949f3a5b20d3f42c90c63556089db4","91ef8193-3f80-44f2-98b0-75329bc635d3",1336,10038254.14,8551668.81,1486585.33,89102066.57,3652533.55,77920613.03,"2023-10-30T00:00:00.000Z","2023-10-30T00:00:00.000Z",8211220.38,"1da7a18404dbbf8ab1a6b601aeee6872713d5f06","2023-10-30T05:22:57.890Z","dca382ed-ba38-41ce-bfe8-971cee2b3f72"
"DR-4595-KY",4595,"KY","DR","2021-04-23T00:00:00.000Z",2021,"Flood","SEVERE, STORMS, FLOODING, LANDSLIDES, AND MUDSLIDES",1,0,1,1,"2021-02-27T00:00:00.000Z","2021-03-14T00:00:00.000Z","",0,21,127,99127,"Lawrence (County)",21025,"2021-07-23T00:00:00.000Z","2023-05-22T03:41:22.800Z","7fd2b962a1b43aebc8069944f8b6f4f1fd209207","afd47805-db9b-47b5-ab29-1735620238e4",1336,10038254.14,8551668.81,1486585.33,89102066.57,3652533.55,77920613.03,"2023-10-30T00:00:00.000Z","2023-10-30T00:00:00.000Z",8211220.38,"1da7a18404dbbf8ab1a6b601aeee6872713d5f06","2023-10-30T05:22:57.890Z","dca382ed-ba38-41ce-bfe8-971cee2b3f72"
"DR-4595-KY",4595,"KY","DR","2021-04-23T00:00:00.000Z",2021,"Flood","SEVERE, STORMS, FLOODING, LANDSLIDES, AND MUDSLIDES",1,0,1,1,"2021-02-27T00:00:00.000Z","2021-03-14T00:00:00.000Z","",0,21,129,99129,"Lee (County)",21025,"2021-07-23T00:00:00.000Z","2023-05-22T03:41:22.800Z","f705733f2968ee95d2952d5d57121c1a6d1e8c76","64b668c4-bc42-4b7d-967a-3b79e83200fa",1336,10038254.14,8551668.81,1486585.33,89102066.57,3652533.55,77920613.03,"2023-10-30T00:00:00.000Z","2023-10-30T00:00:00.000Z",8211220.38,"1da7a18404dbbf8ab1a6b601aeee6872713d5f06","2023-10-30T05:22:57.890Z","dca382ed-ba38-41ce-bfe8-971cee2b3f72"
"DR-4595-KY",4595,"KY","DR","2021-04-23T00:00:00.000Z",2021,"Flood","SEVERE, STORMS, FLOODING, LANDSLIDES, AND MUDSLIDES",1,0,1,1,"2021-02-27T00:00:00.000Z","2021-03-14T00:00:00.000Z","",0,21,131,99131,"Leslie (County)",21025,"2021-07-23T00:00:00.000Z","2023-05-22T03:41:22.800Z","c9a421d5f02f097c6d10c1dc8b6721394b653d6c","36585f01-f6d2-4eaa-aa4e-832ad1683553",1336,10038254.14,8551668.81,1486585.33,89102066.57,3652533.55,77920613.03,"2023-10-30T00:00:00.000Z","2023-10-30T00:00:00.000Z",8211220.38,"1da7a18404dbbf8ab1a6b601aeee6872713d5f06","2023-10-30T05:22:57.890Z","dca382ed-ba38-41ce-bfe8-971cee2b3f72"
"DR-4595-KY",4595,"KY","DR","2021-04-23T00:00:00.000Z",2021,"Flood","SEVERE, STORMS, FLOODING, LANDSLIDES, AND MUDSLIDES",1,0,1,1,"2021-02-27T00:00:00.000Z","2021-03-14T00:00:00.000Z","",0,21,133,99133,"Letcher (County)",21025,"2021-07-23T00:00:00.000Z","2023-05-22T03:41:22.800Z","9d730642d700b1a9d8d6124224ce17593ef28564","ca1b4776-a04e-491d-9ff6-04f41af9c883",1336,10038254.14,8551668.81,1486585.33,89102066.57,3652533.55,77920613.03,"2023-10-30T00:00:00.000Z","2023-10-30T00:00:00.000Z",8211220.38,"1da7a18404dbbf8ab1a6b601aeee6872713d5f06","2023-10-30T05:22:57.890Z","dca382ed-ba38-41ce-bfe8-971cee2b3f72"
"DR-4595-KY",4595,"KY","DR","2021-04-23T00:00:00.000Z",2021,"Flood","SEVERE, STORMS, FLOODING, LANDSLIDES, AND MUDSLIDES",1,0,1,1,"2021-02-27T00:00:00.000Z","2021-03-14T00:00:00.000Z","",0,21,137,99137,"Lincoln (County)",21025,"2021-07-23T00:00:00.000Z","2023-05-22T03:41:22.800Z","5cc13959421d3715cba1f6f6d4c74c38925c12cb","61ed2bb0-06fd-493b-8e7d-e4ef1c5c0f2c",1336,10038254.14,8551668.81,1486585.33,89102066.57,3652533.55,77920613.03,"2023-10-30T00:00:00.000Z","2023-10-30T00:00:00.000Z",8211220.38,"1da7a18404dbbf8ab1a6b601aeee6872713d5f06","2023-10-30T05:22:57.890Z","dca382ed-ba38-41ce-bfe8-971cee2b3f72"
"DR-4595-KY",4595,"KY","DR","2021-04-23T00:00:00.000Z",2021,"Flood","SEVERE, STORMS, FLOODING, LANDSLIDES, AND MUDSLIDES",1,0,1,1,"2021-02-27T00:00:00.000Z","2021-03-14T00:00:00.000Z","",0,21,151,99151,"Madison (County)",21025,"2021-07-23T00:00:00.000Z","2023-05-22T03:41:22.800Z","9f92999001127b345b5a073bf3e3488b667e5bbf","370f0d9d-8868-4df6-9b0e-6a7a4967b485",1336,10038254.14,8551668.81,1486585.33,89102066.57,3652533.55,77920613.03,"2023-10-30T00:00:00.000Z","2023-10-30T00:00:00.000Z",8211220.38,"1da7a18404dbbf8ab1a6b601aeee6872713d5f06","2023-10-30T05:22:57.890Z","dca382ed-ba38-41ce-bfe8-971cee2b3f72"
"DR-4595-KY",4595,"KY","DR","2021-04-23T00:00:00.000Z",2021,"Flood","SEVERE, STORMS, FLOODING, LANDSLIDES, AND MUDSLIDES",1,0,1,1,"2021-02-27T00:00:00.000Z","2021-03-14T00:00:00.000Z","",0,21,153,99153,"Magoffin (County)",21025,"2021-07-23T00:00:00.000Z","2023-05-22T03:41:22.800Z","f1b6f3bd3ec43739b7c3196cac07dd6aa6374193","1e338e99-d8e6-427f-8abd-16002a25d6c4",1336,10038254.14,8551668.81,1486585.33,89102066.57,3652533.55,77920613.03,"2023-10-30T00:00:00.000Z","2023-10-30T00:00:00.000Z",8211220.38,"1da7a18404dbbf8ab1a6b601aeee6872713d5f06","2023-10-30T05:22:57.890Z","dca382ed-ba38-41ce-bfe8-971cee2b3f72"
"DR-4595-KY",4595,"KY","DR","2021-04-23T00:00:00.000Z",2021,"Flood","SEVERE, STORMS, FLOODING, LANDSLIDES, AND MUDSLIDES",1,0,1,1,"2021-02-27T00:00:00.000Z","2021-03-14T00:00:00.000Z","",0,21,159,99159,"Martin (County)",21025,"2021-07-23T00:00:00.000Z","2023-05-22T03:41:22.800Z","b6b9a3f87e31bbebc828bb4972da3c4d0e7508d2","cef7b488-4875-4be2-aa8c-50521b4ee1ea",1336,10038254.14,8551668.81,1486585.33,89102066.57,3652533.55,77920613.03,"2023-10-30T00:00:00.000Z","2023-10-30T00:00:00.000Z",8211220.38,"1da7a18404dbbf8ab1a6b601aeee6872713d5f06","2023-10-30T05:22:57.890Z","dca382ed-ba38-41ce-bfe8-971cee2b3f72"
"DR-4595-KY",4595,"KY","DR","2021-04-23T00:00:00.000Z",2021,"Flood","SEVERE, STORMS, FLOODING, LANDSLIDES, AND MUDSLIDES",1,0,1,1,"2021-02-27T00:00:00.000Z","2021-03-14T00:00:00.000Z","",0,21,175,99175,"Morgan (County)",21025,"2021-07-23T00:00:00.000Z","2023-05-22T03:41:22.800Z","d3f6c4a0289edd42e263ad2d7ce2addbe4610a59","61fad8a6-3488-4bba-a79a-05fffa4884e3",1336,10038254.14,8551668.81,1486585.33,89102066.57,3652533.55,77920613.03,"2023-10-30T00:00:00.000Z","2023-10-30T00:00:00.000Z",8211220.38,"1da7a18404dbbf8ab1a6b601aeee6872713d5f06","2023-10-30T05:22:57.890Z","dca382ed-ba38-41ce-bfe8-971cee2b3f72"
"DR-4595-KY",4595,"KY","DR","2021-04-23T00:00:00.000Z",2021,"Flood","SEVERE, STORMS, FLOODING, LANDSLIDES, AND MUDSLIDES",1,0,1,1,"2021-02-27T00:00:00.000Z","2021-03-14T00:00:00.000Z","",0,21,189,99189,"Owsley (County)",21025,"2021-07-23T00:00:00.000Z","2023-05-22T03:41:22.800Z","42a27f4733238d8e47d8b2b7b3753372d7f7391f","e59c37d4-a248-4716-95ea-8c9fa4d41da6",1336,10038254.14,8551668.81,1486585.33,89102066.57,3652533.55,77920613.03,"2023-10-30T00:00:00.000Z","2023-10-30T00:00:00.000Z",8211220.38,"1da7a18404dbbf8ab1a6b601aeee6872713d5f06","2023-10-30T05:22:57.890Z","dca382ed-ba38-41ce-bfe8-971cee2b3f72"
"DR-4595-KY",4595,"KY","DR","2021-04-23T00:00:00.000Z",2021,"Flood","SEVERE, STORMS, FLOODING, LANDSLIDES, AND MUDSLIDES",1,0,1,1,"2021-02-27T00:00:00.000Z","2021-03-14T00:00:00.000Z","",0,21,193,99193,"Perry (County)",21025,"2021-07-23T00:00:00.000Z","2023-05-22T03:41:22.800Z","52070b63acc39dde3dc2e733eec00eba09f6d025","df28104c-9080-4136-9986-88516be85c1f",1336,10038254.14,8551668.81,1486585.33,89102066.57,3652533.55,77920613.03,"2023-10-30T00:00:00.000Z","2023-10-30T00:00:00.000Z",8211220.38,"1da7a18404dbbf8ab1a6b601aeee6872713d5f06","2023-10-30T05:22:57.890Z","dca382ed-ba38-41ce-bfe8-971cee2b3f72"
"DR-4595-KY",4595,"KY","DR","2021-04-23T00:00:00.000Z",2021,"Flood","SEVERE, STORMS, FLOODING, LANDSLIDES, AND MUDSLIDES",1,0,1,1,"2021-02-27T00:00:00.000Z","2021-03-14T00:00:00.000Z","",0,21,197,99197,"Powell (County)",21025,"2021-07-23T00:00:00.000Z","2023-05-22T03:41:22.800Z","c2eed8fd82de10f120bcf070436053fe0da6af9a","df8ebf44-6113-485c-96cb-02bc10b1c3a8",1336,10038254.14,8551668.81,1486585.33,89102066.57,3652533.55,77920613.03,"2023-10-30T00:00:00.000Z","2023-10-30T00:00:00.000Z",8211220.38,"1da7a18404dbbf8ab1a6b601aeee6872713d5f06","2023-10-30T05:22:57.890Z","dca382ed-ba38-41ce-bfe8-971cee2b3f72"
"DR-4595-KY",4595,"KY","DR","2021-04-23T00:00:00.000Z",2021,"Flood","SEVERE, STORMS, FLOODING, LANDSLIDES, AND MUDSLIDES",1,0,1,1,"2021-02-27T00:00:00.000Z","2021-03-14T00:00:00.000Z","",0,21,199,99199,"Pulaski (County)",21025,"2021-07-23T00:00:00.000Z","2023-05-22T03:41:22.800Z","4305b5225637715867c50624f99a0566d9d2f131","7d13b9fb-1be1-4241-ad4d-236134a5e297",1336,10038254.14,8551668.81,1486585.33,89102066.57,3652533.55,77920613.03,"2023-10-30T00:00:00.000Z","2023-10-30T00:00:00.000Z",8211220.38,"1da7a18404dbbf8ab1a6b601aeee6872713d5f06","2023-10-30T05:22:57.890Z","dca382ed-ba38-41ce-bfe8-971cee2b3f72"
"DR-4595-KY",4595,"KY","DR","2021-04-23T00:00:00.000Z",2021,"Flood","SEVERE, STORMS, FLOODING, LANDSLIDES, AND MUDSLIDES",1,0,1,1,"2021-02-27T00:00:00.000Z","2021-03-14T00:00:00.000Z","",0,21,203,99203,"Rockcastle (County)",21025,"2021-07-23T00:00:00.000Z","2023-05-22T03:41:22.800Z","002912628825ede68ad0bcc9201cda444c6704cf","1d07c277-6e5c-4791-88ca-39fa34d6e9a7",1336,10038254.14,8551668.81,1486585.33,89102066.57,3652533.55,77920613.03,"2023-10-30T00:00:00.000Z","2023-10-30T00:00:00.000Z",8211220.38,"1da7a18404dbbf8ab1a6b601aeee6872713d5f06","2023-10-30T05:22:57.890Z","dca382ed-ba38-41ce-bfe8-971cee2b3f72"
"DR-4571-PR",4571,"PR","DR","2020-11-05T00:00:00.000Z",2021,"Flood","SEVERE STORM AND FLOODING",1,0,0,0,"2020-09-13T00:00:00.000Z","2020-09-13T00:00:00.000Z","",0,72,13,99013,"Arecibo (Municipio)",20315,"2021-01-04T00:00:00.000Z","2023-05-22T03:41:22.800Z","ed3eb181271b6771c500afb341ebb6deb3783018","8fd053e4-2998-4f39-997f-596460db0440",83,346304.76,186566.04,159738.72,NA,NA,NA,"","2023-10-30T00:00:00.000Z",0,"6fef4be4be6b9aa9f28070057158d654a214044a","2023-10-30T05:22:57.890Z","28d7be6e-e077-4a85-a1e5-df53d07c4e01"
"DR-4553-ND",4553,"ND","DR","2020-07-09T00:00:00.000Z",2020,"Flood","FLOODING",0,0,1,1,"2020-04-01T00:00:00.000Z","2020-04-25T00:00:00.000Z","",0,38,3,99003,"Barnes (County)",20188,"","2023-05-22T03:41:22.800Z","043cce4b12e23b966ee67af16700c537ab5dbd91","b0ae3372-781d-4adf-819f-88ac382593ca",NA,NA,NA,NA,10899964.34,1655096.77,8097739.01,"2023-10-30T00:00:00.000Z","",1482076.19,"ada814b85c487e95a282dc15860f20fec39dbce5","2023-10-30T04:22:46.792Z","5caeda6b-c3da-43d1-ad2e-4c219b18da29"
"DR-4553-ND",4553,"ND","DR","2020-07-09T00:00:00.000Z",2020,"Flood","FLOODING",0,0,1,1,"2020-04-01T00:00:00.000Z","2020-04-25T00:00:00.000Z","",0,38,17,99017,"Cass (County)",20188,"","2023-05-22T03:41:22.800Z","55dac6619be62f8f9f434066f692a4f4fe967f54","f9d48228-0637-433b-be22-6d2c12879f17",NA,NA,NA,NA,10899964.34,1655096.77,8097739.01,"2023-10-30T00:00:00.000Z","",1482076.19,"ada814b85c487e95a282dc15860f20fec39dbce5","2023-10-30T04:22:46.792Z","5caeda6b-c3da-43d1-ad2e-4c219b18da29"
"DR-4553-ND",4553,"ND","DR","2020-07-09T00:00:00.000Z",2020,"Flood","FLOODING",0,0,1,1,"2020-04-01T00:00:00.000Z","2020-04-25T00:00:00.000Z","",0,38,21,99021,"Dickey (County)",20188,"","2023-05-22T03:41:22.800Z","fd552ffaf4d43e602ddad5b8cc8aef8f5aad022f","a3828902-9614-49cc-b1cf-6706dc30e566",NA,NA,NA,NA,10899964.34,1655096.77,8097739.01,"2023-10-30T00:00:00.000Z","",1482076.19,"ada814b85c487e95a282dc15860f20fec39dbce5","2023-10-30T04:22:46.792Z","5caeda6b-c3da-43d1-ad2e-4c219b18da29"
"DR-4553-ND",4553,"ND","DR","2020-07-09T00:00:00.000Z",2020,"Flood","FLOODING",0,0,1,1,"2020-04-01T00:00:00.000Z","2020-04-25T00:00:00.000Z","",0,38,31,99031,"Foster (County)",20188,"","2023-05-22T03:41:22.800Z","9f31e7d86b3a92159b6272a82a76fbe2fecff811","8d0f9935-f2e2-429d-90c5-551372df12c4",NA,NA,NA,NA,10899964.34,1655096.77,8097739.01,"2023-10-30T00:00:00.000Z","",1482076.19,"ada814b85c487e95a282dc15860f20fec39dbce5","2023-10-30T04:22:46.792Z","5caeda6b-c3da-43d1-ad2e-4c219b18da29"
"DR-4553-ND",4553,"ND","DR","2020-07-09T00:00:00.000Z",2020,"Flood","FLOODING",0,0,1,1,"2020-04-01T00:00:00.000Z","2020-04-25T00:00:00.000Z","",0,38,35,99035,"Grand Forks (County)",20188,"","2023-05-22T03:41:22.800Z","691298b683bbf46c53654708a3ca546bc234f894","0dac716e-c866-4afc-ae7d-c5c864c67838",NA,NA,NA,NA,10899964.34,1655096.77,8097739.01,"2023-10-30T00:00:00.000Z","",1482076.19,"ada814b85c487e95a282dc15860f20fec39dbce5","2023-10-30T04:22:46.792Z","5caeda6b-c3da-43d1-ad2e-4c219b18da29"
"DR-4553-ND",4553,"ND","DR","2020-07-09T00:00:00.000Z",2020,"Flood","FLOODING",0,0,1,1,"2020-04-01T00:00:00.000Z","2020-04-25T00:00:00.000Z","",0,38,43,99043,"Kidder (County)",20188,"","2023-05-22T03:41:22.800Z","32704f4749584877c4c355a19b71ade6e4e37134","538e733a-e174-4b05-967b-8c62f4cee961",NA,NA,NA,NA,10899964.34,1655096.77,8097739.01,"2023-10-30T00:00:00.000Z","",1482076.19,"ada814b85c487e95a282dc15860f20fec39dbce5","2023-10-30T04:22:46.792Z","5caeda6b-c3da-43d1-ad2e-4c219b18da29"
"DR-4553-ND",4553,"ND","DR","2020-07-09T00:00:00.000Z",2020,"Flood","FLOODING",0,0,1,1,"2020-04-01T00:00:00.000Z","2020-04-25T00:00:00.000Z","",0,38,45,99045,"LaMoure (County)",20188,"","2023-05-22T03:41:22.800Z","3492411f0d82802c45e0e50120b4b6cf82a3a332","31c7cb35-6730-4b8a-85ed-0ed70282d533",NA,NA,NA,NA,10899964.34,1655096.77,8097739.01,"2023-10-30T00:00:00.000Z","",1482076.19,"ada814b85c487e95a282dc15860f20fec39dbce5","2023-10-30T04:22:46.792Z","5caeda6b-c3da-43d1-ad2e-4c219b18da29"
"DR-4553-ND",4553,"ND","DR","2020-07-09T00:00:00.000Z",2020,"Flood","FLOODING",0,0,1,1,"2020-04-01T00:00:00.000Z","2020-04-25T00:00:00.000Z","",0,38,47,99047,"Logan (County)",20188,"","2023-05-22T03:41:22.800Z","078c4a0d386a29d56afd002a6255691a02b68166","587c0d44-f549-404b-a857-30a2399bf02f",NA,NA,NA,NA,10899964.34,1655096.77,8097739.01,"2023-10-30T00:00:00.000Z","",1482076.19,"ada814b85c487e95a282dc15860f20fec39dbce5","2023-10-30T04:22:46.792Z","5caeda6b-c3da-43d1-ad2e-4c219b18da29"
"DR-4553-ND",4553,"ND","DR","2020-07-09T00:00:00.000Z",2020,"Flood","FLOODING",0,0,1,1,"2020-04-01T00:00:00.000Z","2020-04-25T00:00:00.000Z","",0,38,51,99051,"McIntosh (County)",20188,"","2023-05-22T03:41:22.800Z","06aee34ace3cd384e234b213270200917b57ca78","01bd1979-0aba-446b-8bbf-7e0b722fb66f",NA,NA,NA,NA,10899964.34,1655096.77,8097739.01,"2023-10-30T00:00:00.000Z","",1482076.19,"ada814b85c487e95a282dc15860f20fec39dbce5","2023-10-30T04:22:46.792Z","5caeda6b-c3da-43d1-ad2e-4c219b18da29"
"DR-4553-ND",4553,"ND","DR","2020-07-09T00:00:00.000Z",2020,"Flood","FLOODING",0,0,1,1,"2020-04-01T00:00:00.000Z","2020-04-25T00:00:00.000Z","",0,38,63,99063,"Nelson (County)",20188,"","2023-05-22T03:41:22.800Z","993900d7e995b4e64fd1e3bbcb5f481c053c6178","97b4c0cc-2fe6-4fa3-8834-a286c5c5eb50",NA,NA,NA,NA,10899964.34,1655096.77,8097739.01,"2023-10-30T00:00:00.000Z","",1482076.19,"ada814b85c487e95a282dc15860f20fec39dbce5","2023-10-30T04:22:46.792Z","5caeda6b-c3da-43d1-ad2e-4c219b18da29"
"DR-4553-ND",4553,"ND","DR","2020-07-09T00:00:00.000Z",2020,"Flood","FLOODING",0,0,1,1,"2020-04-01T00:00:00.000Z","2020-04-25T00:00:00.000Z","",0,38,67,99067,"Pembina (County)",20188,"","2023-05-22T03:41:22.800Z","bf9f38b46934e9620e987060c28367fb0a7dae9d","c70f3a16-f41a-443f-8843-7441f107ea43",NA,NA,NA,NA,10899964.34,1655096.77,8097739.01,"2023-10-30T00:00:00.000Z","",1482076.19,"ada814b85c487e95a282dc15860f20fec39dbce5","2023-10-30T04:22:46.792Z","5caeda6b-c3da-43d1-ad2e-4c219b18da29"
"DR-4553-ND",4553,"ND","DR","2020-07-09T00:00:00.000Z",2020,"Flood","FLOODING",0,0,1,1,"2020-04-01T00:00:00.000Z","2020-04-25T00:00:00.000Z","",0,38,73,99073,"Ransom (County)",20188,"","2023-05-22T03:41:22.800Z","6e13103179bc22a8ea8a16f2315d71880a64afe6","e91c21e6-95dc-44fa-8a14-8df22429905f",NA,NA,NA,NA,10899964.34,1655096.77,8097739.01,"2023-10-30T00:00:00.000Z","",1482076.19,"ada814b85c487e95a282dc15860f20fec39dbce5","2023-10-30T04:22:46.792Z","5caeda6b-c3da-43d1-ad2e-4c219b18da29"
"DR-4553-ND",4553,"ND","DR","2020-07-09T00:00:00.000Z",2020,"Flood","FLOODING",0,0,1,1,"2020-04-01T00:00:00.000Z","2020-04-25T00:00:00.000Z","",0,38,77,99077,"Richland (County)",20188,"","2023-05-22T03:41:22.800Z","f486310ac83cc98bf80782884dd79824dd682e69","ef5cdfcc-950c-4007-939a-4bc5d171c2dd",NA,NA,NA,NA,10899964.34,1655096.77,8097739.01,"2023-10-30T00:00:00.000Z","",1482076.19,"ada814b85c487e95a282dc15860f20fec39dbce5","2023-10-30T04:22:46.792Z","5caeda6b-c3da-43d1-ad2e-4c219b18da29"
"DR-4553-ND",4553,"ND","DR","2020-07-09T00:00:00.000Z",2020,"Flood","FLOODING",0,0,1,1,"2020-04-01T00:00:00.000Z","2020-04-25T00:00:00.000Z","",0,38,81,99081,"Sargent (County)",20188,"","2023-05-22T03:41:22.800Z","add59ad1f2446313532afd735c03fef18a050d2a","383f7ee7-4bf4-4e55-aa93-1b0397849ed7",NA,NA,NA,NA,10899964.34,1655096.77,8097739.01,"2023-10-30T00:00:00.000Z","",1482076.19,"ada814b85c487e95a282dc15860f20fec39dbce5","2023-10-30T04:22:46.792Z","5caeda6b-c3da-43d1-ad2e-4c219b18da29"
"DR-4553-ND",4553,"ND","DR","2020-07-09T00:00:00.000Z",2020,"Flood","FLOODING",0,0,1,1,"2020-04-01T00:00:00.000Z","2020-04-25T00:00:00.000Z","",0,38,83,99083,"Sheridan (County)",20188,"","2023-05-22T03:41:22.800Z","71f75b68b1b9d2add6a0ff9d03f480746635cefd","e2df77f8-6cc9-46a6-8148-5a050e6369c6",NA,NA,NA,NA,10899964.34,1655096.77,8097739.01,"2023-10-30T00:00:00.000Z","",1482076.19,"ada814b85c487e95a282dc15860f20fec39dbce5","2023-10-30T04:22:46.792Z","5caeda6b-c3da-43d1-ad2e-4c219b18da29"
"DR-4553-ND",4553,"ND","DR","2020-07-09T00:00:00.000Z",2020,"Flood","FLOODING",0,0,1,1,"2020-04-01T00:00:00.000Z","2020-04-25T00:00:00.000Z","",0,38,91,99091,"Steele (County)",20188,"","2023-05-22T03:41:22.800Z","12de9ac842a299a237903fb9bf3fa4fca9d5dbb9","659d1365-131a-41ad-bf89-41f9f3ddd28c",NA,NA,NA,NA,10899964.34,1655096.77,8097739.01,"2023-10-30T00:00:00.000Z","",1482076.19,"ada814b85c487e95a282dc15860f20fec39dbce5","2023-10-30T04:22:46.792Z","5caeda6b-c3da-43d1-ad2e-4c219b18da29"
"DR-4553-ND",4553,"ND","DR","2020-07-09T00:00:00.000Z",2020,"Flood","FLOODING",0,0,1,1,"2020-04-01T00:00:00.000Z","2020-04-25T00:00:00.000Z","",0,38,93,99093,"Stutsman (County)",20188,"","2023-05-22T03:41:22.800Z","24d53976c6e4a4da172133b8215baf1f2c12fbfd","50d731d1-9644-4049-bba5-760f8f294e45",NA,NA,NA,NA,10899964.34,1655096.77,8097739.01,"2023-10-30T00:00:00.000Z","",1482076.19,"ada814b85c487e95a282dc15860f20fec39dbce5","2023-10-30T04:22:46.792Z","5caeda6b-c3da-43d1-ad2e-4c219b18da29"
"DR-4553-ND",4553,"ND","DR","2020-07-09T00:00:00.000Z",2020,"Flood","FLOODING",0,0,1,1,"2020-04-01T00:00:00.000Z","2020-04-25T00:00:00.000Z","",0,38,97,99097,"Traill (County)",20188,"","2023-05-22T03:41:22.800Z","b6ddab70544d4dda5e9be0e13a7e474ca90d673e","a88be178-7360-4d44-b0b0-c722c92e551b",NA,NA,NA,NA,10899964.34,1655096.77,8097739.01,"2023-10-30T00:00:00.000Z","",1482076.19,"ada814b85c487e95a282dc15860f20fec39dbce5","2023-10-30T04:22:46.792Z","5caeda6b-c3da-43d1-ad2e-4c219b18da29"
"DR-4553-ND",4553,"ND","DR","2020-07-09T00:00:00.000Z",2020,"Flood","FLOODING",0,0,1,1,"2020-04-01T00:00:00.000Z","2020-04-25T00:00:00.000Z","",0,38,99,99099,"Walsh (County)",20188,"","2023-05-22T03:41:22.800Z","4af96fd191941507f7a7c186325aecd2448e508c","67580877-e337-430e-9b95-b7767cd4d912",NA,NA,NA,NA,10899964.34,1655096.77,8097739.01,"2023-10-30T00:00:00.000Z","",1482076.19,"ada814b85c487e95a282dc15860f20fec39dbce5","2023-10-30T04:22:46.792Z","5caeda6b-c3da-43d1-ad2e-4c219b18da29"
"DR-4553-ND",4553,"ND","DR","2020-07-09T00:00:00.000Z",2020,"Flood","FLOODING",0,0,1,1,"2020-04-01T00:00:00.000Z","2020-04-25T00:00:00.000Z","",0,38,103,99103,"Wells (County)",20188,"","2023-05-22T03:41:22.800Z","016606b3bcc414d7f4f024c39d834072ec7501d2","7f249912-df85-484c-b4d0-0519f28c4694",NA,NA,NA,NA,10899964.34,1655096.77,8097739.01,"2023-10-30T00:00:00.000Z","",1482076.19,"ada814b85c487e95a282dc15860f20fec39dbce5","2023-10-30T04:22:46.792Z","5caeda6b-c3da-43d1-ad2e-4c219b18da29"
"DR-4539-WA",4539,"WA","DR","2020-04-23T00:00:00.000Z",2020,"Flood","SEVERE STORMS, FLOODING, LANDSLIDES, AND MUDSLIDES",0,0,1,1,"2020-01-20T00:00:00.000Z","2020-02-10T00:00:00.000Z","",0,53,13,99013,"Columbia (County)",20108,"","2023-05-22T03:41:22.800Z","9a9451e59a1fe49edb963c46a2eb94f83c515b91","d104e36d-b9e1-4e15-a457-0e1cd3019e1f",NA,NA,NA,NA,37304431.1,2740005.33,33748562.56,"2023-10-30T00:00:00.000Z","",4741267.5,"cdae671283bc7ae6e12830daf5da22454ea0a231","2023-10-30T04:22:46.792Z","abc60040-1daa-473d-acb7-10fd38a89326"
"DR-4539-WA",4539,"WA","DR","2020-04-23T00:00:00.000Z",2020,"Flood","SEVERE STORMS, FLOODING, LANDSLIDES, AND MUDSLIDES",0,0,1,1,"2020-01-20T00:00:00.000Z","2020-02-10T00:00:00.000Z","",0,53,23,99023,"Garfield (County)",20108,"","2023-05-22T03:41:22.800Z","18290f8bf6b396c90e9e65f54a5f5c4bda6bec17","4d667310-4f1b-4a1f-955d-36991477817d",NA,NA,NA,NA,37304431.1,2740005.33,33748562.56,"2023-10-30T00:00:00.000Z","",4741267.5,"cdae671283bc7ae6e12830daf5da22454ea0a231","2023-10-30T04:22:46.792Z","abc60040-1daa-473d-acb7-10fd38a89326"
"DR-4539-WA",4539,"WA","DR","2020-04-23T00:00:00.000Z",2020,"Flood","SEVERE STORMS, FLOODING, LANDSLIDES, AND MUDSLIDES",0,0,1,1,"2020-01-20T00:00:00.000Z","2020-02-10T00:00:00.000Z","",0,53,27,99027,"Grays Harbor (County)",20108,"","2023-05-22T03:41:22.800Z","87826f903ecc3e2b28879a75ff535d8f0c86018f","78263898-8882-4179-b4d9-eb46b5d66214",NA,NA,NA,NA,37304431.1,2740005.33,33748562.56,"2023-10-30T00:00:00.000Z","",4741267.5,"cdae671283bc7ae6e12830daf5da22454ea0a231","2023-10-30T04:22:46.792Z","abc60040-1daa-473d-acb7-10fd38a89326"
"DR-4539-WA",4539,"WA","DR","2020-04-23T00:00:00.000Z",2020,"Flood","SEVERE STORMS, FLOODING, LANDSLIDES, AND MUDSLIDES",0,0,1,1,"2020-01-20T00:00:00.000Z","2020-02-10T00:00:00.000Z","",0,53,29,99029,"Island (County)",20108,"","2023-05-22T03:41:22.800Z","ee43071067798e67a5918fc7168ae2b4c94ea09e","e59432be-ce69-4690-b724-862c2dea32bb",NA,NA,NA,NA,37304431.1,2740005.33,33748562.56,"2023-10-30T00:00:00.000Z","",4741267.5,"cdae671283bc7ae6e12830daf5da22454ea0a231","2023-10-30T04:22:46.792Z","abc60040-1daa-473d-acb7-10fd38a89326"
"DR-4539-WA",4539,"WA","DR","2020-04-23T00:00:00.000Z",2020,"Flood","SEVERE STORMS, FLOODING, LANDSLIDES, AND MUDSLIDES",0,0,1,1,"2020-01-20T00:00:00.000Z","2020-02-10T00:00:00.000Z","",0,53,33,99033,"King (County)",20108,"","2023-05-22T03:41:22.800Z","fed72e399fc0744b6b32e4d43d8d2a463c656c57","772a6126-cff6-4a7d-9019-beca35fe0b24",NA,NA,NA,NA,37304431.1,2740005.33,33748562.56,"2023-10-30T00:00:00.000Z","",4741267.5,"cdae671283bc7ae6e12830daf5da22454ea0a231","2023-10-30T04:22:46.792Z","abc60040-1daa-473d-acb7-10fd38a89326"
"DR-4539-WA",4539,"WA","DR","2020-04-23T00:00:00.000Z",2020,"Flood","SEVERE STORMS, FLOODING, LANDSLIDES, AND MUDSLIDES",0,0,1,1,"2020-01-20T00:00:00.000Z","2020-02-10T00:00:00.000Z","",0,53,41,99041,"Lewis (County)",20108,"","2023-05-22T03:41:22.800Z","25b78460861bb3ff15f8cf9f021ed841d977b86e","f3077e65-6545-4434-88de-374acdce002c",NA,NA,NA,NA,37304431.1,2740005.33,33748562.56,"2023-10-30T00:00:00.000Z","",4741267.5,"cdae671283bc7ae6e12830daf5da22454ea0a231","2023-10-30T04:22:46.792Z","abc60040-1daa-473d-acb7-10fd38a89326"
"DR-4539-WA",4539,"WA","DR","2020-04-23T00:00:00.000Z",2020,"Flood","SEVERE STORMS, FLOODING, LANDSLIDES, AND MUDSLIDES",0,0,1,1,"2020-01-20T00:00:00.000Z","2020-02-10T00:00:00.000Z","",0,53,45,99045,"Mason (County)",20108,"","2023-05-22T03:41:22.800Z","f671af2d560a456fa834fab154fda56b063af059","dfac65ac-9c98-4241-9d21-e0e53160a16b",NA,NA,NA,NA,37304431.1,2740005.33,33748562.56,"2023-10-30T00:00:00.000Z","",4741267.5,"cdae671283bc7ae6e12830daf5da22454ea0a231","2023-10-30T04:22:46.792Z","abc60040-1daa-473d-acb7-10fd38a89326"
"DR-4539-WA",4539,"WA","DR","2020-04-23T00:00:00.000Z",2020,"Flood","SEVERE STORMS, FLOODING, LANDSLIDES, AND MUDSLIDES",0,0,1,1,"2020-01-20T00:00:00.000Z","2020-02-10T00:00:00.000Z","",0,53,49,99049,"Pacific (County)",20108,"","2023-05-22T03:41:22.800Z","4901de7ef3f0226f84447641ecd1220f4e15e32f","c1adcd9a-957c-40b1-bc7c-998583016f0a",NA,NA,NA,NA,37304431.1,2740005.33,33748562.56,"2023-10-30T00:00:00.000Z","",4741267.5,"cdae671283bc7ae6e12830daf5da22454ea0a231","2023-10-30T04:22:46.792Z","abc60040-1daa-473d-acb7-10fd38a89326"
"DR-4539-WA",4539,"WA","DR","2020-04-23T00:00:00.000Z",2020,"Flood","SEVERE STORMS, FLOODING, LANDSLIDES, AND MUDSLIDES",0,0,1,1,"2020-01-20T00:00:00.000Z","2020-02-10T00:00:00.000Z","",0,53,55,99055,"San Juan (County)",20108,"","2023-05-22T03:41:22.800Z","1bc3bbb48b93422c1e85982c361ad5e717783a26","7c4c2329-c9f8-466a-a60d-6f03bd25b11d",NA,NA,NA,NA,37304431.1,2740005.33,33748562.56,"2023-10-30T00:00:00.000Z","",4741267.5,"cdae671283bc7ae6e12830daf5da22454ea0a231","2023-10-30T04:22:46.792Z","abc60040-1daa-473d-acb7-10fd38a89326"
"DR-4539-WA",4539,"WA","DR","2020-04-23T00:00:00.000Z",2020,"Flood","SEVERE STORMS, FLOODING, LANDSLIDES, AND MUDSLIDES",0,0,1,1,"2020-01-20T00:00:00.000Z","2020-02-10T00:00:00.000Z","",0,53,57,99057,"Skagit (County)",20108,"","2023-05-22T03:41:22.800Z","7c82b1c12a7344f5dcb329b3267de553dd3a05b5","2e72df3d-aa3b-4a6a-868c-ca2a1ee12055",NA,NA,NA,NA,37304431.1,2740005.33,33748562.56,"2023-10-30T00:00:00.000Z","",4741267.5,"cdae671283bc7ae6e12830daf5da22454ea0a231","2023-10-30T04:22:46.792Z","abc60040-1daa-473d-acb7-10fd38a89326"
"DR-4539-WA",4539,"WA","DR","2020-04-23T00:00:00.000Z",2020,"Flood","SEVERE STORMS, FLOODING, LANDSLIDES, AND MUDSLIDES",0,0,1,1,"2020-01-20T00:00:00.000Z","2020-02-10T00:00:00.000Z","",0,53,61,99061,"Snohomish (County)",20108,"","2023-05-22T03:41:22.800Z","964ddc1afd81037d3d28e3936578647725a5e2b2","45f650c8-dc61-4b36-b1f2-e695d0930c99",NA,NA,NA,NA,37304431.1,2740005.33,33748562.56,"2023-10-30T00:00:00.000Z","",4741267.5,"cdae671283bc7ae6e12830daf5da22454ea0a231","2023-10-30T04:22:46.792Z","abc60040-1daa-473d-acb7-10fd38a89326"
"DR-4539-WA",4539,"WA","DR","2020-04-23T00:00:00.000Z",2020,"Flood","SEVERE STORMS, FLOODING, LANDSLIDES, AND MUDSLIDES",0,0,1,1,"2020-01-20T00:00:00.000Z","2020-02-10T00:00:00.000Z","",0,53,67,99067,"Thurston (County)",20108,"","2023-05-22T03:41:22.800Z","3a3363700079ee2b3c9651a695e3e80d6fa274e4","a9acea26-ef9b-46a9-bdc9-0e850fb0beea",NA,NA,NA,NA,37304431.1,2740005.33,33748562.56,"2023-10-30T00:00:00.000Z","",4741267.5,"cdae671283bc7ae6e12830daf5da22454ea0a231","2023-10-30T04:22:46.792Z","abc60040-1daa-473d-acb7-10fd38a89326"
"DR-4539-WA",4539,"WA","DR","2020-04-23T00:00:00.000Z",2020,"Flood","SEVERE STORMS, FLOODING, LANDSLIDES, AND MUDSLIDES",0,0,1,1,"2020-01-20T00:00:00.000Z","2020-02-10T00:00:00.000Z","",0,53,69,99069,"Wahkiakum (County)",20108,"","2023-05-22T03:41:22.800Z","ff8eca03c4718c7bb4c94b1cbc670ff3c0c6da2b","6b53e559-6d46-46f0-9326-11d7c8745128",NA,NA,NA,NA,37304431.1,2740005.33,33748562.56,"2023-10-30T00:00:00.000Z","",4741267.5,"cdae671283bc7ae6e12830daf5da22454ea0a231","2023-10-30T04:22:46.792Z","abc60040-1daa-473d-acb7-10fd38a89326"
"DR-4539-WA",4539,"WA","DR","2020-04-23T00:00:00.000Z",2020,"Flood","SEVERE STORMS, FLOODING, LANDSLIDES, AND MUDSLIDES",0,0,1,1,"2020-01-20T00:00:00.000Z","2020-02-10T00:00:00.000Z","",0,53,71,99071,"Walla Walla (County)",20108,"","2023-05-22T03:41:22.800Z","e6da39dc78ea5ccc51e7c9585b6152e405eb2f8d","792e7900-a495-433b-a634-4ffbcd655821",NA,NA,NA,NA,37304431.1,2740005.33,33748562.56,"2023-10-30T00:00:00.000Z","",4741267.5,"cdae671283bc7ae6e12830daf5da22454ea0a231","2023-10-30T04:22:46.792Z","abc60040-1daa-473d-acb7-10fd38a89326"
"DR-4539-WA",4539,"WA","DR","2020-04-23T00:00:00.000Z",2020,"Flood","SEVERE STORMS, FLOODING, LANDSLIDES, AND MUDSLIDES",0,0,1,1,"2020-01-20T00:00:00.000Z","2020-02-10T00:00:00.000Z","",0,53,73,99073,"Whatcom (County)",20108,"","2023-05-22T03:41:22.800Z","a5ac5196932995209ccd85b5371d07d21fadd537","acf2842b-5d01-476c-858a-06d49857c641",NA,NA,NA,NA,37304431.1,2740005.33,33748562.56,"2023-10-30T00:00:00.000Z","",4741267.5,"cdae671283bc7ae6e12830daf5da22454ea0a231","2023-10-30T04:22:46.792Z","abc60040-1daa-473d-acb7-10fd38a89326"
"DR-4519-OR",4519,"OR","DR","2020-04-03T00:00:00.000Z",2020,"Flood","SEVERE STORMS, FLOODING, LANDSLIDES, AND MUDSLIDES",0,0,1,1,"2020-02-05T00:00:00.000Z","2020-02-09T00:00:00.000Z","",0,41,61,99061,"Union (County)",20142,"2020-07-02T00:00:00.000Z","2023-05-22T03:41:22.800Z","7ea27598a8cee04cc347861cced239c41790fe84","dc00ba43-7fc0-4b1d-97dd-14a9a583e9e1",165,2242253.35,2069844.91,172408.44,5211308.74,436586.61,4224689.69,"2023-10-30T00:00:00.000Z","2023-10-30T00:00:00.000Z",2818297,"de4977dc55d2cade2db3e1a600c619c5e30639d4","2023-10-30T05:22:57.890Z","0a7de0d8-59d1-40df-95e7-d2a50e2d6d08"
"DR-4519-OR",4519,"OR","DR","2020-04-03T00:00:00.000Z",2020,"Flood","SEVERE STORMS, FLOODING, LANDSLIDES, AND MUDSLIDES",0,0,1,1,"2020-02-05T00:00:00.000Z","2020-02-09T00:00:00.000Z","",0,41,63,99063,"Wallowa (County)",20142,"2020-07-02T00:00:00.000Z","2023-05-22T03:41:22.800Z","9728189df0194008a822d1e90e44b962974db90d","78e2dbb9-b6aa-4e28-92c7-dc82b64c2133",165,2242253.35,2069844.91,172408.44,5211308.74,436586.61,4224689.69,"2023-10-30T00:00:00.000Z","2023-10-30T00:00:00.000Z",2818297,"de4977dc55d2cade2db3e1a600c619c5e30639d4","2023-10-30T05:22:57.890Z","0a7de0d8-59d1-40df-95e7-d2a50e2d6d08"
"DR-4519-OR",4519,"OR","DR","2020-04-03T00:00:00.000Z",2020,"Flood","SEVERE STORMS, FLOODING, LANDSLIDES, AND MUDSLIDES",1,0,1,1,"2020-02-05T00:00:00.000Z","2020-02-09T00:00:00.000Z","",0,41,0,75750,"Umatilla Indian Reservation",20142,"2020-07-02T00:00:00.000Z","2023-05-22T03:41:22.800Z","829ac1985d29f111b772ce34b7507f6bc9a14869","39b1255d-97c8-4651-9b6e-1f6755471bb3",165,2242253.35,2069844.91,172408.44,5211308.74,436586.61,4224689.69,"2023-10-30T00:00:00.000Z","2023-10-30T00:00:00.000Z",2818297,"de4977dc55d2cade2db3e1a600c619c5e30639d4","2023-10-30T05:22:57.890Z","0a7de0d8-59d1-40df-95e7-d2a50e2d6d08"
"DR-4519-OR",4519,"OR","DR","2020-04-03T00:00:00.000Z",2020,"Flood","SEVERE STORMS, FLOODING, LANDSLIDES, AND MUDSLIDES",1,0,1,1,"2020-02-05T00:00:00.000Z","2020-02-09T00:00:00.000Z","",0,41,59,99059,"Umatilla (County)",20142,"2020-07-02T00:00:00.000Z","2023-05-22T03:41:22.800Z","fc8235276dbd5fe345a8b319feca1b59f9b4f0c2","17a39b8c-5cf1-4da6-b404-71c3ad79def1",165,2242253.35,2069844.91,172408.44,5211308.74,436586.61,4224689.69,"2023-10-30T00:00:00.000Z","2023-10-30T00:00:00.000Z",2818297,"de4977dc55d2cade2db3e1a600c619c5e30639d4","2023-10-30T05:22:57.890Z","0a7de0d8-59d1-40df-95e7-d2a50e2d6d08"
"DR-4477-WI",4477,"WI","DR","2020-03-11T00:00:00.000Z",2020,"Flood","SEVERE WINTER STORM AND FLOODING",0,0,1,1,"2020-01-10T00:00:00.000Z","2020-01-12T00:00:00.000Z","",0,55,59,99059,"Kenosha (County)",20011,"","2023-05-22T03:41:22.800Z","47455d8492500baa1d740cf6a3302afbff9e9d75","98e61a3b-760b-4e34-ae96-c76dab79ee77",NA,NA,NA,NA,5393346.7,273501.98,4325060.37,"2023-10-30T00:00:00.000Z","",914831.3,"9a1fb5f9b3d70011041847899da8eb411836152d","2023-10-30T04:22:46.792Z","8a10fd0a-1bb2-43f2-bca2-3302c9be229c"
"DR-4477-WI",4477,"WI","DR","2020-03-11T00:00:00.000Z",2020,"Flood","SEVERE WINTER STORM AND FLOODING",0,0,1,1,"2020-01-10T00:00:00.000Z","2020-01-12T00:00:00.000Z","",0,55,79,99079,"Milwaukee (County)",20011,"","2023-05-22T03:41:22.800Z","5a1cdfad675f09042864ff555ec3975ec3287840","77d2822d-c10f-4d7f-a0ec-ae1db97ef441",NA,NA,NA,NA,5393346.7,273501.98,4325060.37,"2023-10-30T00:00:00.000Z","",914831.3,"9a1fb5f9b3d70011041847899da8eb411836152d","2023-10-30T04:22:46.792Z","8a10fd0a-1bb2-43f2-bca2-3302c9be229c"
"DR-4477-WI",4477,"WI","DR","2020-03-11T00:00:00.000Z",2020,"Flood","SEVERE WINTER STORM AND FLOODING",0,0,1,1,"2020-01-10T00:00:00.000Z","2020-01-12T00:00:00.000Z","",0,55,101,99101,"Racine (County)",20011,"","2023-05-22T03:41:22.800Z","df15e31fb03ac20f69a4ecef6d23cbbc9dc70722","93dbbb8b-ec8b-441e-9397-7eb44bf57a0c",NA,NA,NA,NA,5393346.7,273501.98,4325060.37,"2023-10-30T00:00:00.000Z","",914831.3,"9a1fb5f9b3d70011041847899da8eb411836152d","2023-10-30T04:22:46.792Z","8a10fd0a-1bb2-43f2-bca2-3302c9be229c"
"DR-4475-ND",4475,"ND","DR","2020-01-21T00:00:00.000Z",2020,"Flood","FLOODING",0,0,1,1,"2019-10-09T00:00:00.000Z","2019-10-26T00:00:00.000Z","",0,38,3,99003,"Barnes (County)",19106,"","2023-05-22T03:41:22.800Z","a6081f40e43e2d53199528368d07dca535723e34","c6af98b2-a7fc-4b63-b7a9-8b96fbc8837b",NA,NA,NA,NA,12873605.7,1668346.47,9945773.69,"2023-10-30T00:00:00.000Z","",1954223.71,"25e2959786f59e28a1e229da7a287a66ab3055f5","2023-10-30T04:22:46.792Z","1c1982af-a419-4029-866f-fb4e88f36966"
"DR-4475-ND",4475,"ND","DR","2020-01-21T00:00:00.000Z",2020,"Flood","FLOODING",0,0,1,1,"2019-10-09T00:00:00.000Z","2019-10-26T00:00:00.000Z","",0,38,21,99021,"Dickey (County)",19106,"","2023-05-22T03:41:22.800Z","140081e519031f62b7b3f12e7d14855d34192174","55219b19-2b01-4b73-abf6-5c049ac0ebbe",NA,NA,NA,NA,12873605.7,1668346.47,9945773.69,"2023-10-30T00:00:00.000Z","",1954223.71,"25e2959786f59e28a1e229da7a287a66ab3055f5","2023-10-30T04:22:46.792Z","1c1982af-a419-4029-866f-fb4e88f36966"
"DR-4475-ND",4475,"ND","DR","2020-01-21T00:00:00.000Z",2020,"Flood","FLOODING",0,0,1,1,"2019-10-09T00:00:00.000Z","2019-10-26T00:00:00.000Z","",0,38,27,99027,"Eddy (County)",19106,"","2023-05-22T03:41:22.800Z","9c93615481266c74da5ae8da37a37ae66e794325","2e4d51cc-600b-46b1-bfdb-3b0eecaa5c7a",NA,NA,NA,NA,12873605.7,1668346.47,9945773.69,"2023-10-30T00:00:00.000Z","",1954223.71,"25e2959786f59e28a1e229da7a287a66ab3055f5","2023-10-30T04:22:46.792Z","1c1982af-a419-4029-866f-fb4e88f36966"
"DR-4475-ND",4475,"ND","DR","2020-01-21T00:00:00.000Z",2020,"Flood","FLOODING",0,0,1,1,"2019-10-09T00:00:00.000Z","2019-10-26T00:00:00.000Z","",0,38,29,99029,"Emmons (County)",19106,"","2023-05-22T03:41:22.800Z","1141a84847f91ba4db81e07c62547cb80ab9de3c","71d79455-4b3b-4968-8cc7-e3e8789e16ca",NA,NA,NA,NA,12873605.7,1668346.47,9945773.69,"2023-10-30T00:00:00.000Z","",1954223.71,"25e2959786f59e28a1e229da7a287a66ab3055f5","2023-10-30T04:22:46.792Z","1c1982af-a419-4029-866f-fb4e88f36966"
"DR-4475-ND",4475,"ND","DR","2020-01-21T00:00:00.000Z",2020,"Flood","FLOODING",0,0,1,1,"2019-10-09T00:00:00.000Z","2019-10-26T00:00:00.000Z","",0,38,31,99031,"Foster (County)",19106,"","2023-05-22T03:41:22.800Z","5ceac6c4064dc47ce70c87f0c543d5cdae58b946","e5c2bed5-d13a-4185-adf7-2e4fdf0f377a",NA,NA,NA,NA,12873605.7,1668346.47,9945773.69,"2023-10-30T00:00:00.000Z","",1954223.71,"25e2959786f59e28a1e229da7a287a66ab3055f5","2023-10-30T04:22:46.792Z","1c1982af-a419-4029-866f-fb4e88f36966"
"DR-4475-ND",4475,"ND","DR","2020-01-21T00:00:00.000Z",2020,"Flood","FLOODING",0,0,1,1,"2019-10-09T00:00:00.000Z","2019-10-26T00:00:00.000Z","",0,38,35,99035,"Grand Forks (County)",19106,"","2023-05-22T03:41:22.800Z","e24a296e64b1781ac93ac82a267d5d732666ec73","6c81157e-63ec-41cb-a725-23ddbc99df60",NA,NA,NA,NA,12873605.7,1668346.47,9945773.69,"2023-10-30T00:00:00.000Z","",1954223.71,"25e2959786f59e28a1e229da7a287a66ab3055f5","2023-10-30T04:22:46.792Z","1c1982af-a419-4029-866f-fb4e88f36966"
"DR-4475-ND",4475,"ND","DR","2020-01-21T00:00:00.000Z",2020,"Flood","FLOODING",0,0,1,1,"2019-10-09T00:00:00.000Z","2019-10-26T00:00:00.000Z","",0,38,39,99039,"Griggs (County)",19106,"","2023-05-22T03:41:22.800Z","7bb0fd00e0104ac6ab8d8c7dcd1bfa8736a59c04","182baf93-0998-4119-a09c-82f618fb8b12",NA,NA,NA,NA,12873605.7,1668346.47,9945773.69,"2023-10-30T00:00:00.000Z","",1954223.71,"25e2959786f59e28a1e229da7a287a66ab3055f5","2023-10-30T04:22:46.792Z","1c1982af-a419-4029-866f-fb4e88f36966"
"DR-4475-ND",4475,"ND","DR","2020-01-21T00:00:00.000Z",2020,"Flood","FLOODING",0,0,1,1,"2019-10-09T00:00:00.000Z","2019-10-26T00:00:00.000Z","",0,38,43,99043,"Kidder (County)",19106,"","2023-05-22T03:41:22.800Z","94274b2379dd5708d881e4443310ce258edf21d5","bd6198f7-18fc-4a55-aacb-3947f684452a",NA,NA,NA,NA,12873605.7,1668346.47,9945773.69,"2023-10-30T00:00:00.000Z","",1954223.71,"25e2959786f59e28a1e229da7a287a66ab3055f5","2023-10-30T04:22:46.792Z","1c1982af-a419-4029-866f-fb4e88f36966"
"DR-4475-ND",4475,"ND","DR","2020-01-21T00:00:00.000Z",2020,"Flood","FLOODING",0,0,1,1,"2019-10-09T00:00:00.000Z","2019-10-26T00:00:00.000Z","",0,38,45,99045,"LaMoure (County)",19106,"","2023-05-22T03:41:22.800Z","20976b11ab8171342b1af1b9970aab8e45f94aa5","53176222-4477-478d-8bf4-bc56dc206bbc",NA,NA,NA,NA,12873605.7,1668346.47,9945773.69,"2023-10-30T00:00:00.000Z","",1954223.71,"25e2959786f59e28a1e229da7a287a66ab3055f5","2023-10-30T04:22:46.792Z","1c1982af-a419-4029-866f-fb4e88f36966"
"DR-4475-ND",4475,"ND","DR","2020-01-21T00:00:00.000Z",2020,"Flood","FLOODING",0,0,1,1,"2019-10-09T00:00:00.000Z","2019-10-26T00:00:00.000Z","",0,38,47,99047,"Logan (County)",19106,"","2023-05-22T03:41:22.800Z","c603c083addee5d3cd3d80a6713dedd3b252a8d9","803ae819-d9a9-4a6e-bf2d-9946cb5d4178",NA,NA,NA,NA,12873605.7,1668346.47,9945773.69,"2023-10-30T00:00:00.000Z","",1954223.71,"25e2959786f59e28a1e229da7a287a66ab3055f5","2023-10-30T04:22:46.792Z","1c1982af-a419-4029-866f-fb4e88f36966"
"DR-4475-ND",4475,"ND","DR","2020-01-21T00:00:00.000Z",2020,"Flood","FLOODING",0,0,1,1,"2019-10-09T00:00:00.000Z","2019-10-26T00:00:00.000Z","",0,38,61,99061,"Mountrail (County)",19106,"","2023-05-22T03:41:22.800Z","77c98619cd27bb7f434e0f3ea09d2df1d1f34274","090c6e93-13f7-4f08-bb3d-6ddc3104c3d8",NA,NA,NA,NA,12873605.7,1668346.47,9945773.69,"2023-10-30T00:00:00.000Z","",1954223.71,"25e2959786f59e28a1e229da7a287a66ab3055f5","2023-10-30T04:22:46.792Z","1c1982af-a419-4029-866f-fb4e88f36966"
"DR-4475-ND",4475,"ND","DR","2020-01-21T00:00:00.000Z",2020,"Flood","FLOODING",0,0,1,1,"2019-10-09T00:00:00.000Z","2019-10-26T00:00:00.000Z","",0,38,63,99063,"Nelson (County)",19106,"","2023-05-22T03:41:22.800Z","d4ed6f52a01a7b5530fb69cc791b92a1a2807611","76d9b7eb-7d58-4d1b-b12a-b6def8cc78aa",NA,NA,NA,NA,12873605.7,1668346.47,9945773.69,"2023-10-30T00:00:00.000Z","",1954223.71,"25e2959786f59e28a1e229da7a287a66ab3055f5","2023-10-30T04:22:46.792Z","1c1982af-a419-4029-866f-fb4e88f36966"
"DR-4475-ND",4475,"ND","DR","2020-01-21T00:00:00.000Z",2020,"Flood","FLOODING",0,0,1,1,"2019-10-09T00:00:00.000Z","2019-10-26T00:00:00.000Z","",0,38,81,99081,"Sargent (County)",19106,"","2023-05-22T03:41:22.800Z","25798fc177a8037e57c25e22e7ae2f977e67e477","25745f9c-9c28-4010-90f2-4636a05ba6bf",NA,NA,NA,NA,12873605.7,1668346.47,9945773.69,"2023-10-30T00:00:00.000Z","",1954223.71,"25e2959786f59e28a1e229da7a287a66ab3055f5","2023-10-30T04:22:46.792Z","1c1982af-a419-4029-866f-fb4e88f36966"
"DR-4475-ND",4475,"ND","DR","2020-01-21T00:00:00.000Z",2020,"Flood","FLOODING",0,0,1,1,"2019-10-09T00:00:00.000Z","2019-10-26T00:00:00.000Z","",0,38,83,99083,"Sheridan (County)",19106,"","2023-05-22T03:41:22.800Z","0949998815ae039b4f8904e51b708726f53167d4","f827abb7-a14b-483c-bddc-48458e3d195e",NA,NA,NA,NA,12873605.7,1668346.47,9945773.69,"2023-10-30T00:00:00.000Z","",1954223.71,"25e2959786f59e28a1e229da7a287a66ab3055f5","2023-10-30T04:22:46.792Z","1c1982af-a419-4029-866f-fb4e88f36966"
"DR-4475-ND",4475,"ND","DR","2020-01-21T00:00:00.000Z",2020,"Flood","FLOODING",0,0,1,1,"2019-10-09T00:00:00.000Z","2019-10-26T00:00:00.000Z","",0,38,93,99093,"Stutsman (County)",19106,"","2023-05-22T03:41:22.800Z","84dadd304d46ec56d07143675d1347b5a53132da","8a7e5bc9-7b9a-4d8b-b644-8816dfccf8a5",NA,NA,NA,NA,12873605.7,1668346.47,9945773.69,"2023-10-30T00:00:00.000Z","",1954223.71,"25e2959786f59e28a1e229da7a287a66ab3055f5","2023-10-30T04:22:46.792Z","1c1982af-a419-4029-866f-fb4e88f36966"
"DR-4475-ND",4475,"ND","DR","2020-01-21T00:00:00.000Z",2020,"Flood","FLOODING",0,0,1,1,"2019-10-09T00:00:00.000Z","2019-10-26T00:00:00.000Z","",0,38,97,99097,"Traill (County)",19106,"","2023-05-22T03:41:22.800Z","a7573debc248410f52e891b2db31c2c84ed5a346","41599ca5-5692-4964-b724-b68dff7e6e34",NA,NA,NA,NA,12873605.7,1668346.47,9945773.69,"2023-10-30T00:00:00.000Z","",1954223.71,"25e2959786f59e28a1e229da7a287a66ab3055f5","2023-10-30T04:22:46.792Z","1c1982af-a419-4029-866f-fb4e88f36966"
"DR-4475-ND",4475,"ND","DR","2020-01-21T00:00:00.000Z",2020,"Flood","FLOODING",0,0,1,1,"2019-10-09T00:00:00.000Z","2019-10-26T00:00:00.000Z","",0,38,99,99099,"Walsh (County)",19106,"","2023-05-22T03:41:22.800Z","90728b75ff67954c71483d92476f73b89ac98306","7fad4f80-527c-4aeb-b141-b59b1878e82f",NA,NA,NA,NA,12873605.7,1668346.47,9945773.69,"2023-10-30T00:00:00.000Z","",1954223.71,"25e2959786f59e28a1e229da7a287a66ab3055f5","2023-10-30T04:22:46.792Z","1c1982af-a419-4029-866f-fb4e88f36966"
"DR-4475-ND",4475,"ND","DR","2020-01-21T00:00:00.000Z",2020,"Flood","FLOODING",0,0,1,1,"2019-10-09T00:00:00.000Z","2019-10-26T00:00:00.000Z","",0,38,103,99103,"Wells (County)",19106,"","2023-05-22T03:41:22.800Z","71bc2abe4e8079f7111c7fbf024a0b6880e7912b","a8e7df82-9f9b-415d-8ac8-d39a9e47b338",NA,NA,NA,NA,12873605.7,1668346.47,9945773.69,"2023-10-30T00:00:00.000Z","",1954223.71,"25e2959786f59e28a1e229da7a287a66ab3055f5","2023-10-30T04:22:46.792Z","1c1982af-a419-4029-866f-fb4e88f36966"
"DR-4466-TX",4466,"TX","DR","2019-10-04T00:00:00.000Z",2020,"Flood","TROPICAL STORM IMELDA",1,0,0,1,"2019-09-17T00:00:00.000Z","2019-09-23T00:00:00.000Z","",0,48,71,99071,"Chambers (County)",19083,"2019-12-03T00:00:00.000Z","2023-05-22T03:41:22.800Z","7470570cd82474438b54dbffcf5be514c634441f","a006d427-bc5c-4e9e-8c66-72900e59184c",11222,69599384.85,57691078.98,11908305.87,NA,NA,NA,"","2023-10-30T00:00:00.000Z",5211741.3,"3aed6a38deb274dbf6131462622993cbfd495887","2023-10-30T05:22:57.890Z","d1c8c32c-90f7-458e-bfbf-ccea820c80a3"
"DR-4466-TX",4466,"TX","DR","2019-10-04T00:00:00.000Z",2020,"Flood","TROPICAL STORM IMELDA",1,0,0,1,"2019-09-17T00:00:00.000Z","2019-09-23T00:00:00.000Z","",0,48,201,99201,"Harris (County)",19083,"2019-12-03T00:00:00.000Z","2023-05-22T03:41:22.800Z","51909d59b879394ebda4b3ec134e72cfe81df69f","052aabd3-e879-4932-886a-704499c8ad8c",11222,69599384.85,57691078.98,11908305.87,NA,NA,NA,"","2023-10-30T00:00:00.000Z",5211741.3,"3aed6a38deb274dbf6131462622993cbfd495887","2023-10-30T05:22:57.890Z","d1c8c32c-90f7-458e-bfbf-ccea820c80a3"
"DR-4466-TX",4466,"TX","DR","2019-10-04T00:00:00.000Z",2020,"Flood","TROPICAL STORM IMELDA",1,0,0,1,"2019-09-17T00:00:00.000Z","2019-09-23T00:00:00.000Z","",0,48,245,99245,"Jefferson (County)",19083,"2019-12-03T00:00:00.000Z","2023-05-22T03:41:22.800Z","f209ae6e227db656e40b4cf8c4e94ab6ebac57c3","2717c3d3-8533-4540-b817-9b841b1b9579",11222,69599384.85,57691078.98,11908305.87,NA,NA,NA,"","2023-10-30T00:00:00.000Z",5211741.3,"3aed6a38deb274dbf6131462622993cbfd495887","2023-10-30T05:22:57.890Z","d1c8c32c-90f7-458e-bfbf-ccea820c80a3"
"DR-4466-TX",4466,"TX","DR","2019-10-04T00:00:00.000Z",2020,"Flood","TROPICAL STORM IMELDA",1,0,0,1,"2019-09-17T00:00:00.000Z","2019-09-23T00:00:00.000Z","",0,48,291,99291,"Liberty (County)",19083,"2019-12-03T00:00:00.000Z","2023-05-22T03:41:22.800Z","29b089ac72cc410ca5f9e1297d813bcd46bcb096","043cfebe-b8c7-4979-8694-9c571d437310",11222,69599384.85,57691078.98,11908305.87,NA,NA,NA,"","2023-10-30T00:00:00.000Z",5211741.3,"3aed6a38deb274dbf6131462622993cbfd495887","2023-10-30T05:22:57.890Z","d1c8c32c-90f7-458e-bfbf-ccea820c80a3"
"DR-4466-TX",4466,"TX","DR","2019-10-04T00:00:00.000Z",2020,"Flood","TROPICAL STORM IMELDA",1,0,0,1,"2019-09-17T00:00:00.000Z","2019-09-23T00:00:00.000Z","",0,48,339,99339,"Montgomery (County)",19083,"2019-12-03T00:00:00.000Z","2023-05-22T03:41:22.800Z","36fb0f0e7573f8d3a3b0388028dff0ceae86a393","55b511ae-4d0c-4825-8a94-8e8a68d1af72",11222,69599384.85,57691078.98,11908305.87,NA,NA,NA,"","2023-10-30T00:00:00.000Z",5211741.3,"3aed6a38deb274dbf6131462622993cbfd495887","2023-10-30T05:22:57.890Z","d1c8c32c-90f7-458e-bfbf-ccea820c80a3"
"DR-4466-TX",4466,"TX","DR","2019-10-04T00:00:00.000Z",2020,"Flood","TROPICAL STORM IMELDA",1,0,0,1,"2019-09-17T00:00:00.000Z","2019-09-23T00:00:00.000Z","",0,48,361,99361,"Orange (County)",19083,"2019-12-03T00:00:00.000Z","2023-05-22T03:41:22.800Z","9ac9958b2c888825235933752a1e6cb14c0fd223","f9720150-140a-4940-a137-db0516c456f7",11222,69599384.85,57691078.98,11908305.87,NA,NA,NA,"","2023-10-30T00:00:00.000Z",5211741.3,"3aed6a38deb274dbf6131462622993cbfd495887","2023-10-30T05:22:57.890Z","d1c8c32c-90f7-458e-bfbf-ccea820c80a3"
"DR-4466-TX",4466,"TX","DR","2019-10-04T00:00:00.000Z",2020,"Flood","TROPICAL STORM IMELDA",1,0,0,1,"2019-09-17T00:00:00.000Z","2019-09-23T00:00:00.000Z","",0,48,407,99407,"San Jacinto (County)",19083,"2019-12-03T00:00:00.000Z","2023-05-22T03:41:22.800Z","0812e572f15e79a6cf066c5c2f7b35882a0d6b2f","515a9f77-bbe2-4acb-8b86-56288dcde775",11222,69599384.85,57691078.98,11908305.87,NA,NA,NA,"","2023-10-30T00:00:00.000Z",5211741.3,"3aed6a38deb274dbf6131462622993cbfd495887","2023-10-30T05:22:57.890Z","d1c8c32c-90f7-458e-bfbf-ccea820c80a3"
